"Label (Grouping)","Alabama!!Total!!Estimate","Alabama!!Below poverty level!!Estimate","Alabama!!Percent below poverty level!!Estimate","Alaska!!Total!!Estimate","Alaska!!Below poverty level!!Estimate","Alaska!!Percent below poverty level!!Estimate","Arizona!!Total!!Estimate","Arizona!!Below poverty level!!Estimate","Arizona!!Percent below poverty level!!Estimate","Arkansas!!Total!!Estimate","Arkansas!!Below poverty level!!Estimate","Arkansas!!Percent below poverty level!!Estimate","California!!Total!!Estimate","California!!Below poverty level!!Estimate","California!!Percent below poverty level!!Estimate","Colorado!!Total!!Estimate","Colorado!!Below poverty level!!Estimate","Colorado!!Percent below poverty level!!Estimate","Connecticut!!Total!!Estimate","Connecticut!!Below poverty level!!Estimate","Connecticut!!Percent below poverty level!!Estimate","Delaware!!Total!!Estimate","Delaware!!Below poverty level!!Estimate","Delaware!!Percent below poverty level!!Estimate","District of Columbia!!Total!!Estimate","District of Columbia!!Below poverty level!!Estimate","District of Columbia!!Percent below poverty level!!Estimate","Florida!!Total!!Estimate","Florida!!Below poverty level!!Estimate","Florida!!Percent below poverty level!!Estimate","Georgia!!Total!!Estimate","Georgia!!Below poverty level!!Estimate","Georgia!!Percent below poverty level!!Estimate","Hawaii!!Total!!Estimate","Hawaii!!Below poverty level!!Estimate","Hawaii!!Percent below poverty level!!Estimate","Idaho!!Total!!Estimate","Idaho!!Below poverty level!!Estimate","Idaho!!Percent below poverty level!!Estimate","Illinois!!Total!!Estimate","Illinois!!Below poverty level!!Estimate","Illinois!!Percent below poverty level!!Estimate","Indiana!!Total!!Estimate","Indiana!!Below poverty level!!Estimate","Indiana!!Percent below poverty level!!Estimate","Iowa!!Total!!Estimate","Iowa!!Below poverty level!!Estimate","Iowa!!Percent below poverty level!!Estimate","Kansas!!Total!!Estimate","Kansas!!Below poverty level!!Estimate","Kansas!!Percent below poverty level!!Estimate","Kentucky!!Total!!Estimate","Kentucky!!Below poverty level!!Estimate","Kentucky!!Percent below poverty level!!Estimate","Louisiana!!Total!!Estimate","Louisiana!!Below poverty level!!Estimate","Louisiana!!Percent below poverty level!!Estimate","Maine!!Total!!Estimate","Maine!!Below poverty level!!Estimate","Maine!!Percent below poverty level!!Estimate","Maryland!!Total!!Estimate","Maryland!!Below poverty level!!Estimate","Maryland!!Percent below poverty level!!Estimate","Massachusetts!!Total!!Estimate","Massachusetts!!Below poverty level!!Estimate","Massachusetts!!Percent below poverty level!!Estimate","Michigan!!Total!!Estimate","Michigan!!Below poverty level!!Estimate","Michigan!!Percent below poverty level!!Estimate","Minnesota!!Total!!Estimate","Minnesota!!Below poverty level!!Estimate","Minnesota!!Percent below poverty level!!Estimate","Mississippi!!Total!!Estimate","Mississippi!!Below poverty level!!Estimate","Mississippi!!Percent below poverty level!!Estimate","Missouri!!Total!!Estimate","Missouri!!Below poverty level!!Estimate","Missouri!!Percent below poverty level!!Estimate","Montana!!Total!!Estimate","Montana!!Below poverty level!!Estimate","Montana!!Percent below poverty level!!Estimate","Nebraska!!Total!!Estimate","Nebraska!!Below poverty level!!Estimate","Nebraska!!Percent below poverty level!!Estimate","Nevada!!Total!!Estimate","Nevada!!Below poverty level!!Estimate","Nevada!!Percent below poverty level!!Estimate","New Hampshire!!Total!!Estimate","New Hampshire!!Below poverty level!!Estimate","New Hampshire!!Percent below poverty level!!Estimate","New Jersey!!Total!!Estimate","New Jersey!!Below poverty level!!Estimate","New Jersey!!Percent below poverty level!!Estimate","New Mexico!!Total!!Estimate","New Mexico!!Below poverty level!!Estimate","New Mexico!!Percent below poverty level!!Estimate","New York!!Total!!Estimate","New York!!Below poverty level!!Estimate","New York!!Percent below poverty level!!Estimate","North Carolina!!Total!!Estimate","North Carolina!!Below poverty level!!Estimate","North Carolina!!Percent below poverty level!!Estimate","North Dakota!!Total!!Estimate","North Dakota!!Below poverty level!!Estimate","North Dakota!!Percent below poverty level!!Estimate","Ohio!!Total!!Estimate","Ohio!!Below poverty level!!Estimate","Ohio!!Percent below poverty level!!Estimate","Oklahoma!!Total!!Estimate","Oklahoma!!Below poverty level!!Estimate","Oklahoma!!Percent below poverty level!!Estimate","Oregon!!Total!!Estimate","Oregon!!Below poverty level!!Estimate","Oregon!!Percent below poverty level!!Estimate","Pennsylvania!!Total!!Estimate","Pennsylvania!!Below poverty level!!Estimate","Pennsylvania!!Percent below poverty level!!Estimate","Rhode Island!!Total!!Estimate","Rhode Island!!Below poverty level!!Estimate","Rhode Island!!Percent below poverty level!!Estimate","South Carolina!!Total!!Estimate","South Carolina!!Below poverty level!!Estimate","South Carolina!!Percent below poverty level!!Estimate","South Dakota!!Total!!Estimate","South Dakota!!Below poverty level!!Estimate","South Dakota!!Percent below poverty level!!Estimate","Tennessee!!Total!!Estimate","Tennessee!!Below poverty level!!Estimate","Tennessee!!Percent below poverty level!!Estimate","Texas!!Total!!Estimate","Texas!!Below poverty level!!Estimate","Texas!!Percent below poverty level!!Estimate","Utah!!Total!!Estimate","Utah!!Below poverty level!!Estimate","Utah!!Percent below poverty level!!Estimate","Vermont!!Total!!Estimate","Vermont!!Below poverty level!!Estimate","Vermont!!Percent below poverty level!!Estimate","Virginia!!Total!!Estimate","Virginia!!Below poverty level!!Estimate","Virginia!!Percent below poverty level!!Estimate","Washington!!Total!!Estimate","Washington!!Below poverty level!!Estimate","Washington!!Percent below poverty level!!Estimate","West Virginia!!Total!!Estimate","West Virginia!!Below poverty level!!Estimate","West Virginia!!Percent below poverty level!!Estimate","Wisconsin!!Total!!Estimate","Wisconsin!!Below poverty level!!Estimate","Wisconsin!!Percent below poverty level!!Estimate","Wyoming!!Total!!Estimate","Wyoming!!Below poverty level!!Estimate","Wyoming!!Percent below poverty level!!Estimate","Puerto Rico!!Total!!Estimate","Puerto Rico!!Below poverty level!!Estimate","Puerto Rico!!Percent below poverty level!!Estimate"
"Population for whom poverty status is determined","4,960,839","773,166","15.6%","717,303","74,353","10.4%","7,274,129","905,418","12.4%","2,980,358","466,624","15.7%","38,249,686","4,588,687","12.0%","5,757,114","536,507","9.3%","3,521,952","362,024","10.3%","1,007,022","106,027","10.5%","649,438","91,068","14.0%","22,139,460","2,729,519","12.3%","10,765,238","1,461,317","13.6%","1,398,532","141,925","10.1%","1,915,282","193,635","10.1%","12,268,020","1,426,517","11.6%","6,672,209","821,401","12.3%","3,108,670","351,224","11.3%","2,854,559","319,652","11.2%","4,402,485","720,642","16.4%","4,448,119","840,146","18.9%","1,355,422","140,460","10.4%","6,048,665","574,160","9.5%","6,780,372","706,730","10.4%","9,827,315","1,326,740","13.5%","5,617,947","520,602","9.3%","2,841,691","512,184","18.0%","6,025,993","720,210","12.0%","1,107,806","129,804","11.7%","1,931,461","202,078","10.5%","3,154,850","377,506","12.0%","1,362,544","97,935","7.2%","9,131,628","886,772","9.7%","2,075,116","368,669","17.8%","19,068,409","2,702,955","14.2%","10,549,944","1,349,302","12.8%","755,048","73,841","9.8%","11,479,820","1,527,904","13.3%","3,932,800","626,185","15.9%","4,159,215","506,544","12.2%","12,535,767","1,500,959","12.0%","1,055,352","114,412","10.8%","5,231,370","726,799","13.9%","890,853","104,684","11.8%","6,969,478","978,460","14.0%","29,889,559","4,086,851","13.7%","3,363,147","304,249","9.0%","624,370","60,413","9.7%","8,472,782","864,394","10.2%","7,678,825","794,426","10.3%","1,716,152","285,780","16.7%","5,781,514","616,874","10.7%","571,028","64,309","11.3%","3,177,647","1,257,607","39.6%"
"    AGE","","","","","","","","","","","","","","","","","","","","","","","","","","","","","","","","","","","","","","","","","","","","","","","","","","","","","","","","","","","","","","","","","","","","","","","","","","","","","","","","","","","","","","","","","","","","","","","","","","","","","","","","","","","","","","","","","","","","","","","","","","","","","","","","","","","","","","","","","","","","","","","","","","","","","","","","","","","",""
"        Under 18 years","1,113,722","235,017","21.1%","172,240","20,908","12.1%","1,554,747","238,829","15.4%","690,693","144,371","20.9%","8,321,119","1,240,844","14.9%","1,194,635","128,182","10.7%","713,685","94,807","13.3%","208,696","31,718","15.2%","125,584","21,497","17.1%","4,312,039","678,302","15.7%","2,501,494","460,686","18.4%","286,639","32,612","11.4%","461,358","53,017","11.5%","2,659,591","389,823","14.7%","1,552,785","239,100","15.4%","714,650","96,849","13.6%","676,960","89,076","13.2%","994,055","209,029","21.0%","1,049,589","262,912","25.0%","241,449","30,479","12.6%","1,333,071","141,809","10.6%","1,322,061","166,603","12.6%","2,078,817","365,364","17.6%","1,278,430","129,601","10.1%","664,721","154,037","23.2%","1,343,427","193,269","14.4%","231,460","28,215","12.2%","472,510","52,628","11.1%","673,757","108,403","16.1%","246,965","19,866","8.0%","1,987,631","255,909","12.9%","442,771","111,918","25.3%","3,865,524","717,831","18.6%","2,288,721","403,443","17.6%","175,843","15,348","8.7%","2,525,406","447,277","17.7%","950,237","197,554","20.8%","817,161","111,296","13.6%","2,580,239","404,486","15.7%","200,409","26,901","13.4%","1,123,886","214,606","19.1%","215,575","31,477","14.6%","1,536,363","303,146","19.7%","7,460,774","1,371,524","18.4%","922,798","87,530","9.5%","112,842","10,104","9.0%","1,845,160","233,536","12.7%","1,618,219","197,608","12.2%","345,423","69,491","20.1%","1,225,281","157,419","12.8%","128,778","19,007","14.8%","495,260","269,146","54.3%"
"            Under 5 years","284,258","66,642","23.4%","44,248","6,951","15.7%","385,307","62,009","16.1%","173,977","39,571","22.7%","2,049,032","298,927","14.6%","299,205","32,175","10.8%","177,944","23,506","13.2%","53,495","8,202","15.3%","37,956","5,011","13.2%","1,099,873","183,922","16.7%","612,637","118,763","19.4%","75,369","8,020","10.6%","109,584","15,449","14.1%","649,814","97,150","15.0%","394,759","67,570","17.1%","178,341","27,260","15.3%","167,240","24,238","14.5%","257,975","60,196","23.3%","272,696","72,151","26.5%","58,313","6,982","12.0%","339,863","41,543","12.2%","335,292","41,153","12.3%","520,534","93,760","18.0%","322,605","33,516","10.4%","163,823","37,854","23.1%","340,034","54,655","16.1%","53,825","6,976","13.0%","118,697","14,977","12.6%","167,871","33,530","20.0%","61,961","4,565","7.4%","509,755","64,651","12.7%","103,625","28,040","27.1%","1,009,633","191,550","19.0%","582,867","107,284","18.4%","45,023","3,575","7.9%","643,546","121,143","18.8%","234,334","54,783","23.4%","193,643","28,553","14.7%","650,424","111,980","17.2%","52,131","7,062","13.5%","279,436","55,388","19.8%","54,199","8,240","15.2%","402,085","80,230","20.0%","1,886,724","370,590","19.6%","227,005","22,545","9.9%","26,399","2,295","8.7%","469,503","59,128","12.6%","408,763","55,639","13.6%","86,192","21,532","25.0%","302,778","40,988","13.5%","30,471","5,549","18.2%","93,771","54,274","57.9%"
"            5 to 17 years","829,464","168,375","20.3%","127,992","13,957","10.9%","1,169,440","176,820","15.1%","516,716","104,800","20.3%","6,272,087","941,917","15.0%","895,430","96,007","10.7%","535,741","71,301","13.3%","155,201","23,516","15.2%","87,628","16,486","18.8%","3,212,166","494,380","15.4%","1,888,857","341,923","18.1%","211,270","24,592","11.6%","351,774","37,568","10.7%","2,009,777","292,673","14.6%","1,158,026","171,530","14.8%","536,309","69,589","13.0%","509,720","64,838","12.7%","736,080","148,833","20.2%","776,893","190,761","24.6%","183,136","23,497","12.8%","993,208","100,266","10.1%","986,769","125,450","12.7%","1,558,283","271,604","17.4%","955,825","96,085","10.1%","500,898","116,183","23.2%","1,003,393","138,614","13.8%","177,635","21,239","12.0%","353,813","37,651","10.6%","505,886","74,873","14.8%","185,004","15,301","8.3%","1,477,876","191,258","12.9%","339,146","83,878","24.7%","2,855,891","526,281","18.4%","1,705,854","296,159","17.4%","130,820","11,773","9.0%","1,881,860","326,134","17.3%","715,903","142,771","19.9%","623,518","82,743","13.3%","1,929,815","292,506","15.2%","148,278","19,839","13.4%","844,450","159,218","18.9%","161,376","23,237","14.4%","1,134,278","222,916","19.7%","5,574,050","1,000,934","18.0%","695,793","64,985","9.3%","86,443","7,809","9.0%","1,375,657","174,408","12.7%","1,209,456","141,969","11.7%","259,231","47,959","18.5%","922,503","116,431","12.6%","98,307","13,458","13.7%","401,489","214,872","53.5%"
"            Related children of householder under 18 years","1,109,467","231,049","20.8%","171,287","20,001","11.7%","1,547,803","232,398","15.0%","687,545","141,409","20.6%","8,287,870","1,209,706","14.6%","1,189,663","123,834","10.4%","710,782","92,208","13.0%","207,666","30,868","14.9%","125,223","21,223","16.9%","4,295,886","663,832","15.5%","2,491,703","451,309","18.1%","285,829","31,874","11.2%","459,705","51,438","11.2%","2,649,176","380,010","14.3%","1,543,859","230,561","14.9%","710,555","92,886","13.1%","672,476","85,111","12.7%","988,272","203,706","20.6%","1,046,463","259,968","24.8%","240,254","29,395","12.2%","1,327,543","136,875","10.3%","1,316,958","162,397","12.3%","2,068,690","355,606","17.2%","1,274,543","125,975","9.9%","661,382","150,901","22.8%","1,334,244","184,940","13.9%","229,871","26,626","11.6%","469,894","50,245","10.7%","671,342","106,209","15.8%","246,038","18,939","7.7%","1,979,820","248,189","12.5%","440,715","109,942","24.9%","3,846,707","699,783","18.2%","2,281,503","397,057","17.4%","174,913","14,441","8.3%","2,511,561","434,626","17.3%","946,481","194,244","20.5%","812,471","107,263","13.2%","2,569,934","395,805","15.4%","199,153","25,893","13.0%","1,118,453","209,409","18.7%","214,592","30,710","14.3%","1,530,877","298,218","19.5%","7,435,650","1,347,959","18.1%","919,798","84,739","9.2%","111,997","9,259","8.3%","1,839,206","228,090","12.4%","1,609,461","189,715","11.8%","344,261","68,485","19.9%","1,220,649","152,978","12.5%","128,328","18,709","14.6%","493,232","267,163","54.2%"
"        18 to 64 years","2,939,662","430,401","14.6%","443,910","46,209","10.4%","4,301,130","505,212","11.7%","1,756,468","257,857","14.7%","23,724,228","2,605,960","11.0%","3,636,660","322,769","8.9%","2,136,726","204,019","9.5%","582,579","57,292","9.8%","437,132","54,226","12.4%","13,011,871","1,470,446","11.3%","6,598,518","799,548","12.1%","813,597","79,222","9.7%","1,120,104","108,998","9.7%","7,467,266","809,869","10.8%","3,978,209","470,116","11.8%","1,825,534","201,060","11.0%","1,677,186","184,265","11.0%","2,626,842","411,085","15.6%","2,625,147","467,155","17.8%","804,765","80,944","10.1%","3,673,452","333,314","9.1%","4,199,619","404,532","9.6%","5,857,839","761,508","13.0%","3,349,683","297,041","8.9%","1,677,364","279,227","16.6%","3,580,203","407,818","11.4%","649,707","80,007","12.3%","1,129,124","115,510","10.2%","1,930,991","211,630","11.0%","834,538","56,719","6.8%","5,532,654","467,564","8.5%","1,215,175","199,656","16.4%","11,663,888","1,479,756","12.7%","6,385,760","740,847","11.6%","452,279","44,716","9.9%","6,813,360","852,553","12.5%","2,325,977","351,505","15.1%","2,527,463","308,581","12.2%","7,439,567","834,944","11.2%","650,141","63,346","9.7%","3,089,859","400,311","13.0%","513,238","58,924","11.5%","4,211,766","526,326","12.5%","18,324,502","2,212,120","12.1%","2,029,889","183,049","9.0%","371,094","36,846","9.9%","5,161,364","491,420","9.5%","4,746,181","470,632","9.9%","999,544","171,840","17.2%","3,448,954","348,630","10.1%","332,522","37,150","11.2%","1,918,544","687,238","35.8%"
"            18 to 34 years","1,047,836","195,387","18.6%","168,386","19,465","11.6%","1,656,108","225,936","13.6%","641,713","109,113","17.0%","8,867,439","1,113,824","12.6%","1,395,879","160,092","11.5%","729,132","81,250","11.1%","199,409","24,916","12.5%","189,278","26,687","14.1%","4,423,426","586,278","13.3%","2,427,282","367,638","15.1%","281,043","32,026","11.4%","419,116","55,244","13.2%","2,698,595","359,954","13.3%","1,468,570","220,578","15.0%","663,304","105,179","15.9%","632,760","94,586","14.9%","948,766","178,008","18.8%","942,091","205,188","21.8%","257,529","32,132","12.5%","1,255,111","143,785","11.5%","1,499,237","173,248","11.6%","2,132,701","334,699","15.7%","1,186,073","143,501","12.1%","587,776","112,335","19.1%","1,297,550","186,747","14.4%","234,702","38,868","16.6%","422,006","62,623","14.8%","699,881","86,404","12.3%","273,500","22,181","8.1%","1,878,556","182,922","9.7%","452,770","85,978","19.0%","4,197,258","613,066","14.6%","2,298,537","325,772","14.2%","182,617","27,230","14.9%","2,456,533","388,130","15.8%","886,458","163,057","18.4%","911,013","141,738","15.6%","2,576,106","358,125","13.9%","232,238","25,754","11.1%","1,080,624","175,836","16.3%","186,695","28,401","15.2%","1,534,704","224,299","14.6%","7,034,158","1,037,366","14.7%","873,501","105,657","12.1%","120,837","16,497","13.7%","1,825,820","223,209","12.2%","1,770,020","210,375","11.9%","340,782","72,698","21.3%","1,226,139","167,479","13.7%","119,877","18,433","15.4%","699,502","263,779","37.7%"
"            35 to 64 years","1,891,826","235,014","12.4%","275,524","26,744","9.7%","2,645,022","279,276","10.6%","1,114,755","148,744","13.3%","14,856,789","1,492,136","10.0%","2,240,781","162,677","7.3%","1,407,594","122,769","8.7%","383,170","32,376","8.4%","247,854","27,539","11.1%","8,588,445","884,168","10.3%","4,171,236","431,910","10.4%","532,554","47,196","8.9%","700,988","53,754","7.7%","4,768,671","449,915","9.4%","2,509,639","249,538","9.9%","1,162,230","95,881","8.2%","1,044,426","89,679","8.6%","1,678,076","233,077","13.9%","1,683,056","261,967","15.6%","547,236","48,812","8.9%","2,418,341","189,529","7.8%","2,700,382","231,284","8.6%","3,725,138","426,809","11.5%","2,163,610","153,540","7.1%","1,089,588","166,892","15.3%","2,282,653","221,071","9.7%","415,005","41,139","9.9%","707,118","52,887","7.5%","1,231,110","125,226","10.2%","561,038","34,538","6.2%","3,654,098","284,642","7.8%","762,405","113,678","14.9%","7,466,630","866,690","11.6%","4,087,223","415,075","10.2%","269,662","17,486","6.5%","4,356,827","464,423","10.7%","1,439,519","188,448","13.1%","1,616,450","166,843","10.3%","4,863,461","476,819","9.8%","417,903","37,592","9.0%","2,009,235","224,475","11.2%","326,543","30,523","9.3%","2,677,062","302,027","11.3%","11,290,344","1,174,754","10.4%","1,156,388","77,392","6.7%","250,257","20,349","8.1%","3,335,544","268,211","8.0%","2,976,161","260,257","8.7%","658,762","99,142","15.0%","2,222,815","181,151","8.1%","212,645","18,717","8.8%","1,219,042","423,459","34.7%"
"        60 years and over","1,246,361","154,478","12.4%","147,529","12,032","8.2%","1,881,291","219,371","11.7%","730,748","95,691","13.1%","8,524,120","993,324","11.7%","1,280,198","119,392","9.3%","934,686","89,746","9.6%","291,897","25,197","8.6%","117,539","24,108","20.5%","6,397,857","763,586","11.9%","2,328,626","282,688","12.1%","388,858","39,829","10.2%","453,582","41,868","9.2%","2,957,343","318,421","10.8%","1,573,575","160,783","10.2%","782,291","73,484","9.4%","686,917","62,928","9.2%","1,077,328","146,408","13.6%","1,068,898","156,131","14.6%","420,731","39,497","9.4%","1,452,197","140,258","9.7%","1,744,289","183,756","10.5%","2,582,323","287,780","11.1%","1,375,687","127,118","9.2%","692,459","111,443","16.1%","1,520,109","171,944","11.3%","304,166","31,179","10.3%","455,954","43,671","9.6%","751,280","81,003","10.8%","399,250","29,223","7.3%","2,239,034","218,286","9.7%","560,921","82,275","14.7%","4,843,367","673,092","13.9%","2,563,775","283,212","11.0%","175,267","17,548","10.0%","2,931,672","321,738","11.0%","901,726","114,683","12.7%","1,080,365","120,000","11.1%","3,407,126","360,154","10.6%","281,623","32,644","11.6%","1,386,409","160,077","11.5%","220,253","19,611","8.9%","1,684,851","204,406","12.1%","5,777,281","701,926","12.1%","565,916","45,067","8.0%","191,217","18,444","9.6%","2,022,241","192,866","9.5%","1,795,466","178,112","9.9%","491,070","62,666","12.8%","1,524,656","152,061","10.0%","150,076","13,509","9.0%","984,963","384,742","39.1%"
"        65 years and over","907,455","107,748","11.9%","101,153","7,236","7.2%","1,418,252","161,377","11.4%","533,197","64,396","12.1%","6,204,339","741,883","12.0%","925,819","85,556","9.2%","671,541","63,198","9.4%","215,747","17,017","7.9%","86,722","15,345","17.7%","4,815,550","580,771","12.1%","1,665,226","201,083","12.1%","298,296","30,091","10.1%","333,820","31,620","9.5%","2,141,163","226,825","10.6%","1,141,215","112,185","9.8%","568,486","53,315","9.4%","500,413","46,311","9.3%","781,588","100,528","12.9%","773,383","110,079","14.2%","309,208","29,037","9.4%","1,042,142","99,037","9.5%","1,258,692","135,595","10.8%","1,890,659","199,868","10.6%","989,834","93,960","9.5%","499,606","78,920","15.8%","1,102,363","119,123","10.8%","226,639","21,582","9.5%","329,827","33,940","10.3%","550,102","57,473","10.4%","281,041","21,350","7.6%","1,611,343","163,299","10.1%","417,170","57,095","13.7%","3,538,997","505,368","14.3%","1,875,463","205,012","10.9%","126,926","13,777","10.9%","2,141,054","228,074","10.7%","656,586","77,126","11.7%","814,591","86,667","10.6%","2,515,961","261,529","10.4%","204,802","24,165","11.8%","1,017,625","111,882","11.0%","162,040","14,283","8.8%","1,221,349","148,988","12.2%","4,104,283","503,207","12.3%","410,460","33,670","8.2%","140,434","13,463","9.6%","1,466,258","139,438","9.5%","1,314,425","126,186","9.6%","371,185","44,449","12.0%","1,107,279","110,825","10.0%","109,728","8,152","7.4%","763,843","301,223","39.4%"
"    SEX","","","","","","","","","","","","","","","","","","","","","","","","","","","","","","","","","","","","","","","","","","","","","","","","","","","","","","","","","","","","","","","","","","","","","","","","","","","","","","","","","","","","","","","","","","","","","","","","","","","","","","","","","","","","","","","","","","","","","","","","","","","","","","","","","","","","","","","","","","","","","","","","","","","","","","","","","","","",""
"        Male","2,393,093","330,855","13.8%","373,003","37,903","10.2%","3,609,175","415,718","11.5%","1,462,427","205,341","14.0%","19,024,018","2,090,929","11.0%","2,907,244","249,283","8.6%","1,728,193","159,957","9.3%","486,530","45,923","9.4%","308,445","41,378","13.4%","10,835,383","1,242,816","11.5%","5,213,097","642,525","12.3%","696,181","67,072","9.6%","962,816","87,081","9.0%","6,034,347","636,383","10.5%","3,305,094","356,011","10.8%","1,549,691","157,073","10.1%","1,424,630","143,341","10.1%","2,168,310","312,865","14.4%","2,151,960","354,544","16.5%","665,904","61,338","9.2%","2,927,641","247,600","8.5%","3,321,936","308,054","9.3%","4,847,623","598,308","12.3%","2,810,271","234,273","8.3%","1,365,799","222,922","16.3%","2,963,208","322,996","10.9%","557,678","57,696","10.3%","968,814","94,867","9.8%","1,581,673","175,561","11.1%","679,916","41,893","6.2%","4,483,559","383,933","8.6%","1,023,585","166,983","16.3%","9,296,886","1,193,520","12.8%","5,143,037","592,666","11.5%","384,932","31,427","8.2%","5,652,062","668,363","11.8%","1,942,239","280,227","14.4%","2,061,343","234,317","11.4%","6,167,875","661,665","10.7%","515,388","45,637","8.9%","2,521,945","312,178","12.4%","451,505","48,404","10.7%","3,404,501","427,664","12.6%","14,812,398","1,819,660","12.3%","1,704,025","146,894","8.6%","311,320","28,443","9.1%","4,152,078","372,447","9.0%","3,854,121","352,062","9.1%","849,834","126,158","14.8%","2,886,640","282,434","9.8%","288,220","28,278","9.8%","1,499,998","558,822","37.3%"
"        Female","2,567,746","442,311","17.2%","344,300","36,450","10.6%","3,664,954","489,700","13.4%","1,517,931","261,283","17.2%","19,225,668","2,497,758","13.0%","2,849,870","287,224","10.1%","1,793,759","202,067","11.3%","520,492","60,104","11.5%","340,993","49,690","14.6%","11,304,077","1,486,703","13.2%","5,552,141","818,792","14.7%","702,351","74,853","10.7%","952,466","106,554","11.2%","6,233,673","790,134","12.7%","3,367,115","465,390","13.8%","1,558,979","194,151","12.5%","1,429,929","176,311","12.3%","2,234,175","407,777","18.3%","2,296,159","485,602","21.1%","689,518","79,122","11.5%","3,121,024","326,560","10.5%","3,458,436","398,676","11.5%","4,979,692","728,432","14.6%","2,807,676","286,329","10.2%","1,475,892","289,262","19.6%","3,062,785","397,214","13.0%","550,128","72,108","13.1%","962,647","107,211","11.1%","1,573,177","201,945","12.8%","682,628","56,042","8.2%","4,648,069","502,839","10.8%","1,051,531","201,686","19.2%","9,771,523","1,509,435","15.4%","5,406,907","756,636","14.0%","370,116","42,414","11.5%","5,827,758","859,541","14.7%","1,990,561","345,958","17.4%","2,097,872","272,227","13.0%","6,367,892","839,294","13.2%","539,964","68,775","12.7%","2,709,425","414,621","15.3%","439,348","56,280","12.8%","3,564,977","550,796","15.5%","15,077,161","2,267,191","15.0%","1,659,122","157,355","9.5%","313,050","31,970","10.2%","4,320,704","491,947","11.4%","3,824,704","442,364","11.6%","866,318","159,622","18.4%","2,894,874","334,440","11.6%","282,808","36,031","12.7%","1,677,649","698,785","41.7%"
"    RACE AND HISPANIC OR LATINO ORIGIN","","","","","","","","","","","","","","","","","","","","","","","","","","","","","","","","","","","","","","","","","","","","","","","","","","","","","","","","","","","","","","","","","","","","","","","","","","","","","","","","","","","","","","","","","","","","","","","","","","","","","","","","","","","","","","","","","","","","","","","","","","","","","","","","","","","","","","","","","","","","","","","","","","","","","","","","","","","",""
"        White alone","3,221,397","358,757","11.1%","427,512","31,213","7.3%","4,239,499","422,360","10.0%","2,056,331","268,304","13.0%","14,719,922","1,450,037","9.9%","4,059,535","315,966","7.8%","2,274,537","163,394","7.2%","599,340","46,033","7.7%","249,746","10,941","4.4%","12,284,180","1,193,520","9.7%","5,424,057","526,269","9.7%","299,474","31,094","10.4%","1,563,067","146,312","9.4%","7,460,194","643,047","8.6%","5,120,556","510,777","10.0%","2,622,259","259,610","9.9%","2,169,700","208,864","9.6%","3,645,630","547,878","15.0%","2,535,862","340,146","13.4%","1,223,787","122,117","10.0%","2,902,068","193,860","6.7%","4,610,745","357,835","7.8%","7,274,183","799,633","11.0%","4,313,490","322,099","7.5%","1,583,463","183,412","11.6%","4,699,953","481,253","10.2%","940,412","96,738","10.3%","1,501,726","130,048","8.7%","1,573,164","153,199","9.7%","1,195,143","82,209","6.9%","4,882,368","342,965","7.0%","986,927","131,588","13.3%","10,515,840","1,088,824","10.4%","6,486,788","624,562","9.6%","624,039","53,716","8.6%","8,815,048","936,182","10.6%","2,549,285","340,625","13.4%","3,075,369","349,075","11.4%","9,299,306","860,622","9.3%","733,846","66,517","9.1%","3,330,660","320,994","9.6%","718,728","57,143","8.0%","5,050,781","582,675","11.5%","14,264,710","1,441,465","10.1%","2,645,373","204,522","7.7%","562,373","53,691","9.5%","5,085,320","416,712","8.2%","5,012,956","454,394","9.1%","1,551,896","245,270","15.8%","4,629,517","406,442","8.8%","481,582","51,678","10.7%","754,253","299,482","39.7%"
"        Black or African American alone","1,244,496","323,797","26.0%","19,375","4,152","21.4%","341,503","60,680","17.8%","420,370","118,705","28.2%","2,019,415","398,092","19.7%","218,530","36,186","16.6%","375,327","66,261","17.7%","223,525","34,127","15.3%","268,535","70,218","26.1%","3,246,435","584,758","18.0%","3,296,550","624,350","18.9%","22,414","3,314","14.8%","15,996","4,437","27.7%","1,599,146","367,486","23.0%","592,320","141,302","23.9%","119,920","29,172","24.3%","145,206","27,419","18.9%","318,741","79,493","24.9%","1,332,297","388,288","29.1%","23,775","5,041","21.2%","1,753,666","236,177","13.5%","471,084","87,124","18.5%","1,275,723","327,781","25.7%","399,883","90,032","22.5%","1,009,391","278,006","27.5%","636,454","137,059","21.5%","N","N","N","86,032","26,154","30.4%","289,986","55,520","19.1%","19,285","2,792","14.5%","1,139,308","182,936","16.1%","40,113","9,205","22.9%","2,696,019","551,745","20.5%","2,115,757","411,391","19.4%","23,601","2,004","8.5%","1,350,443","348,429","25.8%","256,631","72,033","28.1%","83,503","20,739","24.8%","1,291,805","298,275","23.1%","56,357","7,676","13.6%","1,268,063","291,271","23.0%","22,054","6,660","30.2%","1,050,385","237,423","22.6%","3,631,897","664,430","18.3%","37,140","5,985","16.1%","7,495","802","10.7%","1,534,831","257,309","16.8%","303,179","51,678","17.0%","47,806","14,419","30.2%","333,062","82,376","24.7%","N","N","N","169,229","57,456","34.0%"
"        American Indian and Alaska Native alone","24,420","4,104","16.8%","96,066","20,660","21.5%","284,868","75,843","26.6%","16,978","2,473","14.6%","536,802","78,652","14.7%","68,243","10,802","15.8%","12,157","1,981","16.3%","N","N","N","N","N","N","93,476","18,599","19.9%","49,571","9,380","18.9%","N","N","N","20,619","4,653","22.6%","85,509","12,228","14.3%","23,281","4,656","20.0%","12,330","2,789","22.6%","22,164","3,597","16.2%","11,125","2,120","19.1%","36,509","7,178","19.7%","5,783","1,034","17.9%","33,238","2,616","7.9%","19,314","3,684","19.1%","48,803","8,898","18.2%","50,069","14,652","29.3%","13,585","4,617","34.0%","18,775","3,219","17.1%","59,817","17,137","28.6%","20,002","4,830","24.1%","42,782","6,239","14.6%","N","N","N","77,195","11,189","14.5%","194,396","59,329","30.5%","127,868","30,906","24.2%","109,790","27,142","24.7%","32,046","8,232","25.7%","20,672","4,394","21.3%","284,579","56,393","19.8%","43,637","6,494","14.9%","29,870","6,651","22.3%","N","N","N","22,024","4,787","21.7%","66,244","27,731","41.9%","22,907","4,126","18.0%","261,745","49,009","18.7%","35,263","6,997","19.8%","N","N","N","31,633","5,544","17.5%","93,006","16,111","17.3%","N","N","N","46,017","9,550","20.8%","13,878","3,552","25.6%","7,282","3,068","42.1%"
"        Asian alone","76,687","7,169","9.3%","42,640","5,104","12.0%","265,657","24,641","9.3%","50,042","5,466","10.9%","6,043,524","575,339","9.5%","191,419","17,892","9.3%","170,906","11,800","6.9%","43,814","1,890","4.3%","24,980","2,938","11.8%","670,302","69,921","10.4%","490,546","49,710","10.1%","519,435","36,034","6.9%","26,304","2,583","9.8%","744,168","77,468","10.4%","174,142","21,408","12.3%","72,205","7,644","10.6%","75,719","10,444","13.8%","62,268","9,529","15.3%","77,939","14,547","18.7%","14,542","1,665","11.4%","401,648","27,509","6.8%","487,520","55,942","11.5%","331,653","37,169","11.2%","292,227","24,196","8.3%","26,883","2,929","10.9%","123,093","15,528","12.6%","9,078","721","7.9%","47,232","4,374","9.3%","290,935","27,778","9.5%","35,030","1,375","3.9%","939,499","51,356","5.5%","37,895","4,120","10.9%","1,737,620","262,143","15.1%","350,200","35,915","10.3%","11,513","2,257","19.6%","293,261","35,736","12.2%","90,335","12,151","13.5%","191,855","17,994","9.4%","482,640","56,968","11.8%","35,053","4,032","11.5%","92,850","8,025","8.6%","13,189","1,823","13.8%","127,513","9,819","7.7%","1,705,526","154,626","9.1%","83,215","10,641","12.8%","10,476","728","6.9%","594,026","39,120","6.6%","769,396","59,535","7.7%","12,437","2,176","17.5%","173,929","24,283","14.0%","N","N","N","N","N","N"
"        Native Hawaiian and Other Pacific Islander alone","N","N","N","N","N","N","15,789","1,390","8.8%","14,073","4,273","30.4%","147,620","16,561","11.2%","N","N","N","N","N","N","N","N","N","N","N","N","15,071","2,503","16.6%","9,949","2,973","29.9%","132,048","22,865","17.3%","N","N","N","N","N","N","N","N","N","4,345","1,663","38.3%","N","N","N","N","N","N","N","N","N","N","N","N","N","N","N","N","N","N","N","N","N","N","N","N","N","N","N","9,690","780","8.0%","N","N","N","N","N","N","24,204","823","3.4%","N","N","N","N","N","N","N","N","N","7,212","1,651","22.9%","5,063","991","19.6%","N","N","N","N","N","N","8,893","1,565","17.6%","15,093","4,038","26.8%","N","N","N","N","N","N","N","N","N","N","N","N","N","N","N","42,235","4,275","10.1%","33,264","6,131","18.4%","N","N","N","N","N","N","55,973","8,273","14.8%","N","N","N","N","N","N","N","N","N","N","N","N"
"        Some other race alone","114,630","33,605","29.3%","19,146","2,361","12.3%","668,426","100,239","15.0%","77,379","10,015","12.9%","7,495,490","1,170,822","15.6%","365,616","53,749","14.7%","298,999","67,436","22.6%","52,512","11,217","21.4%","33,791","1,254","3.7%","1,520,468","273,385","18.0%","545,224","108,894","20.0%","23,599","4,365","18.5%","97,852","12,713","13.0%","1,004,749","150,174","14.9%","245,757","60,578","24.6%","73,655","14,791","20.1%","115,428","16,819","14.6%","72,803","19,865","27.3%","107,974","25,395","23.5%","8,156","1,324","16.2%","430,656","68,792","16.0%","437,025","92,705","21.2%","189,045","34,865","18.4%","158,655","22,052","13.9%","57,896","14,059","24.3%","106,830","19,134","17.9%","14,190","2,301","16.2%","99,870","11,114","11.1%","415,897","63,400","15.2%","16,106","1,544","9.6%","966,044","158,879","16.4%","271,898","62,159","22.9%","1,967,728","454,286","23.1%","611,076","122,256","20.0%","11,829","701","5.9%","212,240","47,987","22.6%","152,951","32,846","21.5%","213,829","29,077","13.6%","496,839","122,478","24.7%","76,873","10,929","14.2%","147,267","35,565","24.2%","15,077","3,621","24.0%","195,534","48,662","24.9%","2,990,839","576,429","19.3%","208,590","34,190","16.4%","6,363","992","15.6%","391,933","56,934","14.5%","439,722","74,055","16.8%","15,399","2,503","16.3%","156,503","25,669","16.4%","19,355","2,628","13.6%","1,016,955","415,653","40.9%"
"        Two or more races","277,161","45,598","16.5%","102,035","10,390","10.2%","1,458,387","220,265","15.1%","345,185","57,388","16.6%","7,286,913","899,184","12.3%","844,369","99,808","11.8%","385,831","49,880","12.9%","82,337","10,490","12.7%","70,080","5,486","7.8%","4,309,528","586,833","13.6%","949,341","139,741","14.7%","399,043","44,078","11.0%","188,649","22,584","12.0%","1,368,838","174,834","12.8%","512,133","82,055","16.0%","203,956","35,555","17.4%","322,869","52,067","16.1%","289,529","61,332","21.2%","353,262","62,492","17.7%","78,775","8,969","11.4%","524,320","44,827","8.5%","751,676","108,973","14.5%","705,518","118,233","16.8%","399,946","47,241","11.8%","149,067","28,703","19.3%","431,198","63,237","14.7%","79,699","12,280","15.4%","176,190","25,558","14.5%","517,882","70,547","13.6%","94,755","9,797","10.3%","1,124,855","139,283","12.4%","540,704","101,107","18.7%","2,016,122","313,400","15.5%","871,270","127,045","14.6%","50,366","6,847","13.6%","783,265","152,361","19.5%","590,126","110,572","18.7%","535,929","79,127","14.8%","931,185","154,856","16.6%","144,345","24,873","17.2%","364,593","64,368","17.7%","55,262","7,685","13.9%","518,176","95,413","18.4%","6,992,607","1,196,617","17.1%","320,302","35,783","11.2%","36,050","3,796","10.5%","827,694","88,045","10.6%","1,004,593","130,380","13.0%","86,807","21,003","24.2%","440,365","68,406","15.5%","47,498","5,226","11.0%","1,225,022","479,732","39.2%"
"        Hispanic or Latino origin (of any race)","285,411","66,994","23.5%","53,154","6,259","11.8%","2,302,507","369,016","16.0%","273,944","40,045","14.6%","15,507,207","2,228,200","14.4%","1,307,083","177,857","13.6%","660,291","139,641","21.1%","112,613","23,130","20.5%","79,379","4,127","5.2%","6,109,109","918,738","15.0%","1,198,987","213,485","17.8%","139,832","18,771","13.4%","265,384","37,411","14.1%","2,341,252","328,954","14.1%","585,279","112,826","19.3%","229,519","44,788","19.5%","392,918","65,734","16.7%","212,471","54,809","25.8%","316,538","62,390","19.7%","28,725","3,128","10.9%","766,959","96,213","12.5%","919,205","188,995","20.6%","585,925","106,402","18.2%","358,338","50,423","14.1%","104,022","26,214","25.2%","316,120","47,652","15.1%","50,877","9,487","18.6%","250,454","38,895","15.5%","946,714","132,235","14.0%","62,159","6,973","11.2%","2,074,575","322,189","15.5%","1,007,548","208,375","20.7%","3,784,517","798,678","21.1%","1,207,861","230,602","19.1%","36,331","5,305","14.6%","551,545","110,104","20.0%","508,731","109,146","21.5%","619,400","100,622","16.2%","1,114,871","249,766","22.4%","192,455","33,548","17.4%","385,738","84,947","22.0%","44,432","9,517","21.4%","520,805","106,840","20.5%","11,934,702","2,197,489","18.4%","537,986","70,388","13.1%","15,147","1,226","8.1%","942,270","116,859","12.4%","1,121,773","170,335","15.2%","34,840","5,557","16.0%","468,850","80,343","17.1%","61,110","9,623","15.7%","3,146,397","1,248,150","39.7%"
"        White alone, not Hispanic or Latino","3,155,645","343,863","10.9%","414,390","30,376","7.3%","3,808,771","351,222","9.2%","2,005,269","255,947","12.8%","12,727,991","1,169,935","9.2%","3,720,926","272,401","7.3%","2,162,145","136,028","6.3%","586,315","43,466","7.4%","238,841","9,938","4.2%","11,137,793","1,038,993","9.3%","5,249,028","496,045","9.5%","285,781","29,632","10.4%","1,501,232","139,515","9.3%","7,111,087","590,883","8.3%","5,017,899","493,103","9.8%","2,564,239","249,029","9.7%","2,080,307","190,648","9.2%","3,602,782","536,094","14.9%","2,491,284","329,995","13.2%","1,216,803","120,864","9.9%","2,810,881","184,598","6.6%","4,481,031","329,770","7.4%","7,133,245","774,839","10.9%","4,251,862","310,921","7.3%","1,569,580","180,950","11.5%","4,623,630","469,403","10.2%","925,680","94,886","10.3%","1,453,380","120,738","8.3%","1,400,438","129,753","9.3%","1,181,056","81,054","6.9%","4,623,819","306,079","6.6%","747,346","80,412","10.8%","10,074,170","1,008,908","10.0%","6,316,609","590,482","9.3%","615,910","52,600","8.5%","8,700,685","915,246","10.5%","2,437,975","320,312","13.1%","2,948,612","325,535","11.0%","9,142,660","827,434","9.1%","712,962","62,569","8.8%","3,249,483","305,470","9.4%","709,578","55,516","7.8%","4,967,916","571,961","11.5%","11,586,178","960,282","8.3%","2,509,811","187,781","7.5%","558,456","53,500","9.6%","4,938,526","402,962","8.2%","4,803,598","426,038","8.9%","1,542,440","242,904","15.7%","4,542,553","393,084","8.7%","464,602","49,460","10.6%","19,065","4,925","25.8%"
"    EDUCATIONAL ATTAINMENT","","","","","","","","","","","","","","","","","","","","","","","","","","","","","","","","","","","","","","","","","","","","","","","","","","","","","","","","","","","","","","","","","","","","","","","","","","","","","","","","","","","","","","","","","","","","","","","","","","","","","","","","","","","","","","","","","","","","","","","","","","","","","","","","","","","","","","","","","","","","","","","","","","","","","","","","","","","",""
"        Population 25 years and over","3,432,813","437,855","12.8%","485,394","46,526","9.6%","5,071,939","548,833","10.8%","2,032,566","265,721","13.1%","26,653,967","2,798,652","10.5%","4,082,126","316,947","7.8%","2,525,601","228,466","9.0%","722,471","60,761","8.4%","478,078","55,357","11.6%","16,175,481","1,776,999","11.0%","7,319,698","822,546","11.2%","1,012,173","93,293","9.2%","1,284,756","111,418","8.7%","8,569,654","854,140","10.0%","4,528,317","462,801","10.2%","2,124,082","192,251","9.1%","1,916,250","176,942","9.2%","3,040,374","424,797","14.0%","3,030,835","475,312","15.7%","1,023,697","97,520","9.5%","4,242,103","360,178","8.5%","4,917,540","454,100","9.2%","6,912,169","787,535","11.4%","3,887,094","308,074","7.9%","1,930,506","303,109","15.7%","4,179,673","430,904","10.3%","784,098","78,771","10.0%","1,288,139","112,976","8.8%","2,230,710","233,958","10.5%","1,016,377","67,422","6.6%","6,435,892","551,767","8.6%","1,450,514","215,023","14.8%","13,711,070","1,701,074","12.4%","7,382,578","781,350","10.6%","510,286","41,934","8.2%","8,026,806","888,682","11.1%","2,620,003","347,038","13.2%","3,014,968","326,423","10.8%","9,005,492","924,073","10.3%","774,361","76,900","9.9%","3,691,205","422,235","11.4%","601,208","58,396","9.7%","4,862,498","565,967","11.6%","19,692,870","2,191,325","11.1%","2,067,566","151,878","7.3%","466,204","41,379","8.9%","5,941,468","518,019","8.7%","5,456,435","496,949","9.1%","1,229,932","180,978","14.7%","4,063,062","362,381","8.9%","397,625","35,738","9.0%","2,385,170","871,446","36.5%"
"            Less than high school graduate","357,721","109,378","30.6%","32,268","7,128","22.1%","525,370","126,666","24.1%","213,883","56,490","26.4%","4,004,884","789,175","19.7%","268,459","51,008","19.0%","204,469","50,095","24.5%","61,271","13,727","22.4%","33,920","11,619","34.3%","1,535,147","362,290","23.6%","761,356","198,165","26.0%","70,738","16,411","23.2%","99,035","18,948","19.1%","789,177","166,544","21.1%","421,458","94,839","22.5%","140,708","32,901","23.4%","154,861","32,461","21.0%","305,879","104,296","34.1%","354,741","115,308","32.5%","50,557","12,860","25.4%","368,657","81,028","22.0%","416,722","114,589","27.5%","541,797","155,443","28.7%","217,518","49,204","22.6%","227,017","74,894","33.0%","322,785","84,652","26.2%","41,715","10,380","24.9%","92,828","20,252","21.8%","271,837","46,261","17.0%","55,196","10,497","19.0%","593,211","124,658","21.0%","178,720","53,309","29.8%","1,570,936","458,634","29.2%","679,270","173,124","25.5%","27,054","5,341","19.7%","632,473","181,943","28.8%","262,401","76,168","29.0%","240,219","54,826","22.8%","687,444","172,856","25.1%","79,447","19,061","24.0%","352,166","100,667","28.6%","37,696","11,738","31.1%","468,514","138,132","29.5%","2,640,746","643,270","24.4%","141,105","22,233","15.8%","20,464","3,996","19.5%","494,490","109,354","22.1%","413,695","84,774","20.5%","129,569","42,468","32.8%","252,727","57,106","22.6%","23,923","3,755","15.7%","425,170","262,423","61.7%"
"            High school graduate (includes equivalency)","1,026,262","162,063","15.8%","138,796","20,007","14.4%","1,183,150","168,620","14.3%","687,199","110,505","16.1%","5,413,784","757,859","14.0%","773,006","91,568","11.8%","637,104","78,933","12.4%","203,425","20,833","10.2%","61,337","18,668","30.4%","4,298,855","618,426","14.4%","1,899,757","291,275","15.3%","262,686","33,995","12.9%","328,504","38,595","11.7%","2,143,625","304,958","14.2%","1,440,033","182,506","12.7%","629,185","81,790","13.0%","473,056","66,330","14.0%","998,931","175,032","17.5%","993,479","186,307","18.8%","298,784","41,375","13.8%","1,003,297","134,875","13.4%","1,112,454","141,561","12.7%","1,895,712","299,373","15.8%","890,074","110,831","12.5%","561,089","114,908","20.5%","1,212,112","171,099","14.1%","216,438","28,863","13.3%","314,566","40,545","12.9%","593,122","80,824","13.6%","273,948","25,277","9.2%","1,599,088","203,480","12.7%","362,321","69,761","19.3%","3,294,318","576,366","17.5%","1,790,060","274,844","15.4%","123,122","15,354","12.5%","2,535,472","363,842","14.4%","789,550","139,879","17.7%","656,382","100,128","15.3%","2,939,557","407,619","13.9%","202,394","28,773","14.2%","1,031,681","152,965","14.8%","163,481","20,464","12.5%","1,496,192","230,949","15.4%","4,719,599","703,298","14.9%","455,942","52,745","11.6%","125,379","16,103","12.8%","1,412,066","186,516","13.2%","1,169,979","149,811","12.8%","484,510","86,357","17.8%","1,186,907","146,691","12.4%","108,393","12,902","11.9%","643,758","291,109","45.2%"
"            Some college, associate's degree","1,042,242","119,947","11.5%","156,072","13,479","8.6%","1,643,801","168,748","10.3%","591,875","72,440","12.2%","7,168,149","735,944","10.3%","1,129,248","102,851","9.1%","592,204","61,255","10.3%","191,953","16,212","8.4%","65,546","12,827","19.6%","4,631,052","453,296","9.8%","2,030,330","212,802","10.5%","301,181","25,872","8.6%","438,945","35,338","8.1%","2,320,760","232,163","10.0%","1,280,349","122,029","9.5%","679,066","53,991","8.0%","592,461","53,588","9.0%","875,855","102,961","11.8%","849,392","124,730","14.7%","293,066","25,842","8.8%","998,691","81,223","8.1%","1,023,763","95,744","9.4%","2,194,215","233,934","10.7%","1,210,567","93,753","7.7%","639,527","80,901","12.7%","1,236,822","115,522","9.3%","250,953","27,376","10.9%","421,314","32,321","7.7%","720,777","65,265","9.1%","271,569","18,551","6.8%","1,402,943","116,879","8.3%","446,175","65,525","14.7%","3,230,646","368,410","11.4%","2,169,069","215,302","9.9%","187,280","15,457","8.3%","2,256,169","231,023","10.2%","802,348","93,854","11.7%","975,016","112,338","11.5%","2,155,670","209,016","9.7%","187,634","15,941","8.5%","1,080,068","107,095","9.9%","196,271","16,609","8.5%","1,340,912","131,709","9.8%","5,499,526","531,248","9.7%","672,840","46,354","6.9%","115,542","10,627","9.2%","1,484,466","130,163","8.8%","1,652,753","158,236","9.6%","314,871","36,587","11.6%","1,239,707","102,495","8.3%","143,271","12,472","8.7%","576,453","205,935","35.7%"
"            Bachelor's degree or higher","1,006,588","46,467","4.6%","158,258","5,912","3.7%","1,719,618","84,799","4.9%","539,609","26,286","4.9%","10,067,150","515,674","5.1%","1,911,413","71,520","3.7%","1,091,824","38,183","3.5%","265,822","9,989","3.8%","317,275","12,243","3.9%","5,710,427","342,987","6.0%","2,628,255","120,304","4.6%","377,568","17,015","4.5%","418,272","18,537","4.4%","3,316,092","150,475","4.5%","1,386,477","63,427","4.6%","675,123","23,569","3.5%","695,872","24,563","3.5%","859,709","42,508","4.9%","833,223","48,967","5.9%","381,290","17,443","4.6%","1,871,458","63,052","3.4%","2,364,601","102,206","4.3%","2,280,445","98,785","4.3%","1,568,935","54,286","3.5%","502,873","32,406","6.4%","1,407,954","59,631","4.2%","274,992","12,152","4.4%","459,431","19,858","4.3%","644,974","41,608","6.5%","415,664","13,097","3.2%","2,840,650","106,750","3.8%","463,298","26,428","5.7%","5,615,170","297,664","5.3%","2,744,179","118,080","4.3%","172,830","5,782","3.3%","2,602,692","111,874","4.3%","765,704","37,137","4.9%","1,143,351","59,131","5.2%","3,222,821","134,582","4.2%","304,886","13,125","4.3%","1,227,290","61,508","5.0%","203,760","9,585","4.7%","1,556,880","65,177","4.2%","6,832,999","313,509","4.6%","797,679","30,546","3.8%","204,819","10,653","5.2%","2,550,446","91,986","3.6%","2,220,008","104,128","4.7%","300,982","15,566","5.2%","1,383,721","56,089","4.1%","122,038","6,609","5.4%","739,789","111,979","15.1%"
"    EMPLOYMENT STATUS","","","","","","","","","","","","","","","","","","","","","","","","","","","","","","","","","","","","","","","","","","","","","","","","","","","","","","","","","","","","","","","","","","","","","","","","","","","","","","","","","","","","","","","","","","","","","","","","","","","","","","","","","","","","","","","","","","","","","","","","","","","","","","","","","","","","","","","","","","","","","","","","","","","","","","","","","","","",""
"        Civilian labor force 16 years and over","2,369,555","195,418","8.2%","362,064","23,974","6.6%","3,628,366","246,603","6.8%","1,424,383","113,926","8.0%","20,020,514","1,281,248","6.4%","3,257,323","176,111","5.4%","1,949,796","103,025","5.3%","517,788","28,407","5.5%","397,503","25,903","6.5%","11,136,975","727,959","6.5%","5,560,991","396,479","7.1%","688,176","35,941","5.2%","956,310","59,645","6.2%","6,607,540","421,972","6.4%","3,484,763","244,157","7.0%","1,678,000","118,298","7.0%","1,511,133","102,812","6.8%","2,158,211","184,293","8.5%","2,120,269","223,110","10.5%","720,055","35,750","5.0%","3,305,226","163,273","4.9%","3,843,541","199,344","5.2%","5,005,627","371,134","7.4%","3,117,370","165,982","5.3%","1,333,685","129,041","9.7%","3,159,939","209,200","6.6%","574,372","43,625","7.6%","1,056,986","67,710","6.4%","1,628,704","100,399","6.2%","775,590","27,982","3.6%","5,002,990","246,255","4.9%","990,148","103,263","10.4%","10,010,041","690,352","6.9%","5,414,604","363,083","6.7%","413,774","27,843","6.7%","5,979,535","426,108","7.1%","1,923,186","172,061","8.9%","2,178,128","151,898","7.0%","6,593,487","407,238","6.2%","577,163","28,543","4.9%","2,605,537","202,186","7.8%","480,736","32,985","6.9%","3,557,331","253,587","7.1%","15,549,738","1,211,678","7.8%","1,802,071","106,860","5.9%","347,566","18,003","5.2%","4,445,585","239,871","5.4%","4,052,351","229,628","5.7%","786,499","69,099","8.8%","3,114,278","184,778","5.9%","291,838","22,280","7.6%","1,304,789","319,534","24.5%"
"            Employed","2,277,127","160,340","7.0%","344,614","18,581","5.4%","3,477,906","206,001","5.9%","1,365,529","95,995","7.0%","18,930,331","995,262","5.3%","3,137,552","143,774","4.6%","1,860,729","81,584","4.4%","500,062","25,285","5.1%","376,445","15,650","4.2%","10,682,847","594,682","5.6%","5,316,481","322,861","6.1%","663,936","29,417","4.4%","924,574","52,170","5.6%","6,297,934","329,444","5.2%","3,359,045","204,513","6.1%","1,633,153","104,688","6.4%","1,463,514","90,249","6.2%","2,072,612","151,272","7.3%","2,017,070","181,046","9.0%","697,447","28,771","4.1%","3,175,620","129,227","4.1%","3,694,220","158,710","4.3%","4,785,485","298,106","6.2%","3,024,835","142,668","4.7%","1,269,791","104,935","8.3%","3,053,935","176,791","5.8%","559,351","39,052","7.0%","1,030,761","59,081","5.7%","1,554,443","80,443","5.2%","757,104","24,641","3.3%","4,767,708","193,453","4.1%","942,875","83,982","8.9%","9,516,898","537,076","5.6%","5,199,906","294,765","5.7%","402,653","24,431","6.1%","5,741,497","347,937","6.1%","1,836,776","139,877","7.6%","2,090,931","125,734","6.0%","6,320,484","328,087","5.2%","550,302","22,367","4.1%","2,495,659","167,752","6.7%","468,466","28,035","6.0%","3,416,875","207,456","6.1%","14,872,278","1,010,818","6.8%","1,745,005","91,999","5.3%","338,698","15,338","4.5%","4,285,531","202,325","4.7%","3,874,787","181,093","4.7%","751,125","55,174","7.3%","3,029,089","158,874","5.2%","282,671","19,344","6.8%","1,185,205","242,813","20.5%"
"                Male","1,176,786","62,040","5.3%","184,541","10,257","5.6%","1,860,827","99,426","5.3%","716,370","40,619","5.7%","10,133,836","471,708","4.7%","1,669,901","65,718","3.9%","954,282","32,053","3.4%","253,754","9,959","3.9%","181,129","6,050","3.3%","5,593,211","280,515","5.0%","2,738,671","139,186","5.1%","336,305","12,728","3.8%","500,315","21,756","4.3%","3,281,901","145,278","4.4%","1,777,011","85,884","4.8%","855,591","43,111","5.0%","774,118","39,760","5.1%","1,088,328","65,085","6.0%","1,028,326","67,973","6.6%","363,350","12,045","3.3%","1,608,818","56,330","3.5%","1,886,737","65,022","3.4%","2,495,083","127,651","5.1%","1,577,235","60,794","3.9%","643,296","38,210","5.9%","1,574,632","77,733","4.9%","297,341","18,124","6.1%","546,202","28,536","5.2%","831,705","39,593","4.8%","395,887","9,253","2.3%","2,500,415","80,882","3.2%","495,601","38,167","7.7%","4,876,410","229,410","4.7%","2,679,219","125,149","4.7%","215,691","9,727","4.5%","2,987,631","139,315","4.7%","979,707","62,782","6.4%","1,102,957","58,969","5.3%","3,303,529","139,241","4.2%","288,167","8,968","3.1%","1,274,700","68,525","5.4%","247,702","12,401","5.0%","1,788,467","93,812","5.2%","8,024,190","461,467","5.8%","963,729","46,815","4.9%","173,490","7,780","4.5%","2,210,608","86,418","3.9%","2,077,433","76,909","3.7%","392,999","21,372","5.4%","1,581,668","65,730","4.2%","152,834","8,083","5.3%","612,012","120,100","19.6%"
"                Female","1,100,341","98,300","8.9%","160,073","8,324","5.2%","1,617,079","106,575","6.6%","649,159","55,376","8.5%","8,796,495","523,554","6.0%","1,467,651","78,056","5.3%","906,447","49,531","5.5%","246,308","15,326","6.2%","195,316","9,600","4.9%","5,089,636","314,167","6.2%","2,577,810","183,675","7.1%","327,631","16,689","5.1%","424,259","30,414","7.2%","3,016,033","184,166","6.1%","1,582,034","118,629","7.5%","777,562","61,577","7.9%","689,396","50,489","7.3%","984,284","86,187","8.8%","988,744","113,073","11.4%","334,097","16,726","5.0%","1,566,802","72,897","4.7%","1,807,483","93,688","5.2%","2,290,402","170,455","7.4%","1,447,600","81,874","5.7%","626,495","66,725","10.7%","1,479,303","99,058","6.7%","262,010","20,928","8.0%","484,559","30,545","6.3%","722,738","40,850","5.7%","361,217","15,388","4.3%","2,267,293","112,571","5.0%","447,274","45,815","10.2%","4,640,488","307,666","6.6%","2,520,687","169,616","6.7%","186,962","14,704","7.9%","2,753,866","208,622","7.6%","857,069","77,095","9.0%","987,974","66,765","6.8%","3,016,955","188,846","6.3%","262,135","13,399","5.1%","1,220,959","99,227","8.1%","220,764","15,634","7.1%","1,628,408","113,644","7.0%","6,848,088","549,351","8.0%","781,276","45,184","5.8%","165,208","7,558","4.6%","2,074,923","115,907","5.6%","1,797,354","104,184","5.8%","358,126","33,802","9.4%","1,447,421","93,144","6.4%","129,837","11,261","8.7%","573,193","122,713","21.4%"
"            Unemployed","92,428","35,078","38.0%","17,450","5,393","30.9%","150,460","40,602","27.0%","58,854","17,931","30.5%","1,090,183","285,986","26.2%","119,771","32,337","27.0%","89,067","21,441","24.1%","17,726","3,122","17.6%","21,058","10,253","48.7%","454,128","133,277","29.3%","244,510","73,618","30.1%","24,240","6,524","26.9%","31,736","7,475","23.6%","309,606","92,528","29.9%","125,718","39,644","31.5%","44,847","13,610","30.3%","47,619","12,563","26.4%","85,599","33,021","38.6%","103,199","42,064","40.8%","22,608","6,979","30.9%","129,606","34,046","26.3%","149,321","40,634","27.2%","220,142","73,028","33.2%","92,535","23,314","25.2%","63,894","24,106","37.7%","106,004","32,409","30.6%","15,021","4,573","30.4%","26,225","8,629","32.9%","74,261","19,956","26.9%","18,486","3,341","18.1%","235,282","52,802","22.4%","47,273","19,281","40.8%","493,143","153,276","31.1%","214,698","68,318","31.8%","11,121","3,412","30.7%","238,038","78,171","32.8%","86,410","32,184","37.2%","87,197","26,164","30.0%","273,003","79,151","29.0%","26,861","6,176","23.0%","109,878","34,434","31.3%","12,270","4,950","40.3%","140,456","46,131","32.8%","677,460","200,860","29.6%","57,066","14,861","26.0%","8,868","2,665","30.1%","160,054","37,546","23.5%","177,564","48,535","27.3%","35,374","13,925","39.4%","85,189","25,904","30.4%","9,167","2,936","32.0%","119,584","76,721","64.2%"
"                Male","48,461","17,342","35.8%","10,005","3,305","33.0%","72,861","19,773","27.1%","33,715","8,168","24.2%","594,158","149,747","25.2%","61,820","15,655","25.3%","46,638","9,337","20.0%","9,295","1,769","19.0%","11,002","5,210","47.4%","220,665","61,143","27.7%","127,447","34,575","27.1%","13,575","3,639","26.8%","16,977","4,668","27.5%","161,801","42,360","26.2%","66,272","18,071","27.3%","27,292","8,628","31.6%","28,992","7,849","27.1%","43,432","14,394","33.1%","53,228","19,981","37.5%","11,169","3,233","28.9%","70,232","17,081","24.3%","84,162","21,245","25.2%","119,982","35,847","29.9%","53,052","12,560","23.7%","30,833","10,111","32.8%","57,299","16,548","28.9%","8,295","2,701","32.6%","13,233","4,727","35.7%","38,804","10,550","27.2%","10,434","2,086","20.0%","121,509","25,106","20.7%","26,491","10,267","38.8%","267,950","73,368","27.4%","113,708","32,650","28.7%","5,081","1,258","24.8%","129,556","36,597","28.2%","44,286","14,719","33.2%","50,861","15,305","30.1%","152,393","42,904","28.2%","13,636","2,270","16.6%","58,069","15,772","27.2%","5,195","1,678","32.3%","69,617","18,733","26.9%","346,528","100,498","29.0%","28,716","6,730","23.4%","4,417","1,135","25.7%","80,242","16,246","20.2%","97,230","26,732","27.5%","19,325","6,578","34.0%","48,814","12,271","25.1%","3,955","1,314","33.2%","60,173","36,328","60.4%"
"                Female","43,967","17,736","40.3%","7,445","2,088","28.0%","77,599","20,829","26.8%","25,139","9,763","38.8%","496,025","136,239","27.5%","57,951","16,682","28.8%","42,429","12,104","28.5%","8,431","1,353","16.0%","10,056","5,043","50.1%","233,463","72,134","30.9%","117,063","39,043","33.4%","10,665","2,885","27.1%","14,759","2,807","19.0%","147,805","50,168","33.9%","59,446","21,573","36.3%","17,555","4,982","28.4%","18,627","4,714","25.3%","42,167","18,627","44.2%","49,971","22,083","44.2%","11,439","3,746","32.7%","59,374","16,965","28.6%","65,159","19,389","29.8%","100,160","37,181","37.1%","39,483","10,754","27.2%","33,061","13,995","42.3%","48,705","15,861","32.6%","6,726","1,872","27.8%","12,992","3,902","30.0%","35,457","9,406","26.5%","8,052","1,255","15.6%","113,773","27,696","24.3%","20,782","9,014","43.4%","225,193","79,908","35.5%","100,990","35,668","35.3%","6,040","2,154","35.7%","108,482","41,574","38.3%","42,124","17,465","41.5%","36,336","10,859","29.9%","120,610","36,247","30.1%","13,225","3,906","29.5%","51,809","18,662","36.0%","7,075","3,272","46.2%","70,839","27,398","38.7%","330,932","100,362","30.3%","28,350","8,131","28.7%","4,451","1,530","34.4%","79,812","21,300","26.7%","80,334","21,803","27.1%","16,049","7,347","45.8%","36,375","13,633","37.5%","5,212","1,622","31.1%","59,411","40,393","68.0%"
"    WORK EXPERIENCE","","","","","","","","","","","","","","","","","","","","","","","","","","","","","","","","","","","","","","","","","","","","","","","","","","","","","","","","","","","","","","","","","","","","","","","","","","","","","","","","","","","","","","","","","","","","","","","","","","","","","","","","","","","","","","","","","","","","","","","","","","","","","","","","","","","","","","","","","","","","","","","","","","","","","","","","","","","",""
"        Population 16 years and over","3,982,841","562,290","14.1%","563,421","55,659","9.9%","5,914,840","696,001","11.8%","2,374,662","338,294","14.2%","30,979,820","3,501,392","11.3%","4,712,524","423,571","9.0%","2,900,071","279,330","9.6%","824,558","76,996","9.3%","535,810","71,966","13.4%","18,359,405","2,125,006","11.6%","8,586,201","1,053,786","12.3%","1,142,629","112,909","9.9%","1,513,348","146,096","9.7%","9,951,234","1,083,803","10.9%","5,307,504","609,471","11.5%","2,482,206","265,770","10.7%","2,262,657","239,405","10.6%","3,526,488","532,251","15.1%","3,522,669","603,454","17.1%","1,144,581","114,259","10.0%","4,872,828","446,277","9.2%","5,623,605","559,778","10.0%","8,007,141","999,815","12.5%","4,498,292","405,987","9.0%","2,265,970","376,833","16.6%","4,852,704","549,555","11.3%","903,671","104,445","11.6%","1,516,471","155,794","10.3%","2,565,448","280,489","10.9%","1,148,697","81,555","7.1%","7,381,635","660,662","9.0%","1,689,973","270,726","16.0%","15,660,265","2,064,785","13.2%","8,539,283","986,335","11.6%","597,205","60,376","10.1%","9,257,093","1,128,958","12.2%","3,095,670","446,613","14.4%","3,443,798","407,584","11.8%","10,274,954","1,134,590","11.0%","878,984","90,686","10.3%","4,245,914","535,647","12.6%","700,313","75,902","10.8%","5,617,269","707,347","12.6%","23,318,318","2,855,521","12.2%","2,555,927","227,487","8.9%","526,028","51,688","9.8%","6,849,038","656,171","9.6%","6,251,112","617,965","9.9%","1,416,073","223,589","15.8%","4,711,427","476,585","10.1%","457,222","47,325","10.4%","2,752,295","1,022,647","37.2%"
"            Worked full-time, year-round in the past 12 months","1,741,910","56,291","3.2%","245,893","5,268","2.1%","2,575,306","66,309","2.6%","1,038,618","34,258","3.3%","13,517,855","292,241","2.2%","2,322,738","45,081","1.9%","1,326,632","19,768","1.5%","374,014","8,028","2.1%","307,649","2,324","0.8%","7,981,213","201,496","2.5%","4,061,680","118,770","2.9%","502,469","7,053","1.4%","646,097","17,014","2.6%","4,621,026","91,444","2.0%","2,466,643","59,379","2.4%","1,198,167","28,723","2.4%","1,096,608","27,625","2.5%","1,551,976","51,191","3.3%","1,523,060","69,003","4.5%","488,811","5,495","1.1%","2,468,212","40,939","1.7%","2,644,027","34,460","1.3%","3,396,541","82,535","2.4%","2,142,438","33,022","1.5%","975,258","44,544","4.6%","2,243,583","47,402","2.1%","386,216","12,900","3.3%","769,342","19,737","2.6%","1,154,567","30,177","2.6%","552,677","5,149","0.9%","3,491,158","56,937","1.6%","683,860","25,783","3.8%","6,897,731","145,761","2.1%","3,924,142","97,393","2.5%","304,973","4,956","1.6%","4,183,108","98,542","2.4%","1,387,537","51,576","3.7%","1,452,409","31,259","2.2%","4,663,799","93,976","2.0%","397,589","5,353","1.3%","1,870,969","56,947","3.0%","345,081","9,752","2.8%","2,572,996","72,670","2.8%","11,353,050","396,588","3.5%","1,202,232","22,163","1.8%","237,158","3,377","1.4%","3,330,623","63,660","1.9%","2,811,854","43,931","1.6%","560,000","16,680","3.0%","2,210,436","43,341","2.0%","203,739","5,734","2.8%","838,310","94,081","11.2%"
"            Worked part-time or part-year in the past 12 months","725,309","149,530","20.6%","156,907","20,064","12.8%","1,192,982","187,577","15.7%","437,112","83,917","19.2%","6,963,915","946,941","13.6%","1,105,866","147,484","13.3%","682,530","82,331","12.1%","167,333","23,360","14.0%","96,438","20,307","21.1%","3,538,584","536,712","15.2%","1,721,124","292,736","17.0%","240,272","29,885","12.4%","375,513","48,488","12.9%","2,182,946","325,477","14.9%","1,163,659","204,698","17.6%","567,308","104,080","18.3%","504,751","85,490","16.9%","699,469","144,719","20.7%","684,091","160,077","23.4%","276,372","34,130","12.3%","956,421","120,997","12.7%","1,343,769","167,458","12.5%","1,825,513","307,688","16.9%","1,125,493","150,410","13.4%","415,724","83,988","20.2%","1,054,292","176,686","16.8%","231,269","36,207","15.7%","344,362","55,275","16.1%","540,809","73,800","13.6%","260,323","24,642","9.5%","1,625,596","181,933","11.2%","354,400","76,940","21.7%","3,410,089","540,052","15.8%","1,754,965","278,620","15.9%","142,152","25,894","18.2%","2,049,610","353,806","17.3%","618,923","126,779","20.5%","833,513","132,167","15.9%","2,157,330","327,173","15.2%","205,468","22,897","11.1%","855,161","155,900","18.2%","164,204","25,165","15.3%","1,138,504","196,063","17.2%","4,739,992","841,539","17.8%","693,496","94,845","13.7%","128,574","17,038","13.3%","1,362,683","192,976","14.2%","1,433,544","197,469","13.8%","251,060","51,801","20.6%","1,057,940","160,928","15.2%","111,251","18,950","17.0%","432,736","184,275","42.6%"
"            Did not work","1,515,622","356,469","23.5%","160,621","30,327","18.9%","2,146,552","442,115","20.6%","898,932","220,119","24.5%","10,498,050","2,262,210","21.5%","1,283,920","231,006","18.0%","890,909","177,231","19.9%","283,211","45,608","16.1%","131,723","49,335","37.5%","6,839,608","1,386,798","20.3%","2,803,397","642,280","22.9%","399,888","75,971","19.0%","491,738","80,594","16.4%","3,147,262","666,882","21.2%","1,677,202","345,394","20.6%","716,731","132,967","18.6%","661,298","126,290","19.1%","1,275,043","336,341","26.4%","1,315,518","374,374","28.5%","379,398","74,634","19.7%","1,448,195","284,341","19.6%","1,635,809","357,860","21.9%","2,785,087","609,592","21.9%","1,230,361","222,555","18.1%","874,988","248,301","28.4%","1,554,829","325,467","20.9%","286,186","55,338","19.3%","402,767","80,782","20.1%","870,072","176,512","20.3%","335,697","51,764","15.4%","2,264,881","421,792","18.6%","651,713","168,003","25.8%","5,352,445","1,378,972","25.8%","2,860,176","610,322","21.3%","150,080","29,526","19.7%","3,024,375","676,610","22.4%","1,089,210","268,258","24.6%","1,157,876","244,158","21.1%","3,453,825","713,441","20.7%","275,927","62,436","22.6%","1,519,784","322,800","21.2%","191,028","40,985","21.5%","1,905,769","438,614","23.0%","7,225,276","1,617,394","22.4%","660,199","110,479","16.7%","160,296","31,273","19.5%","2,155,732","399,535","18.5%","2,005,714","376,565","18.8%","605,013","155,108","25.6%","1,443,051","272,316","18.9%","142,232","22,641","15.9%","1,481,249","744,291","50.2%"
"    ALL INDIVIDUALS WITH INCOME BELOW THE FOLLOWING POVERTY RATIOS","","","","","","","","","","","","","","","","","","","","","","","","","","","","","","","","","","","","","","","","","","","","","","","","","","","","","","","","","","","","","","","","","","","","","","","","","","","","","","","","","","","","","","","","","","","","","","","","","","","","","","","","","","","","","","","","","","","","","","","","","","","","","","","","","","","","","","","","","","","","","","","","","","","","","","","","","","","",""
"        50 percent of poverty level","363,272","(X)","(X)","35,818","(X)","(X)","464,841","(X)","(X)","221,549","(X)","(X)","2,248,222","(X)","(X)","278,994","(X)","(X)","187,965","(X)","(X)","48,985","(X)","(X)","52,963","(X)","(X)","1,315,827","(X)","(X)","717,955","(X)","(X)","71,029","(X)","(X)","83,555","(X)","(X)","731,469","(X)","(X)","403,918","(X)","(X)","150,154","(X)","(X)","151,986","(X)","(X)","350,174","(X)","(X)","397,146","(X)","(X)","65,587","(X)","(X)","328,311","(X)","(X)","342,686","(X)","(X)","643,296","(X)","(X)","241,105","(X)","(X)","231,594","(X)","(X)","326,341","(X)","(X)","62,012","(X)","(X)","92,639","(X)","(X)","196,532","(X)","(X)","51,804","(X)","(X)","426,304","(X)","(X)","182,084","(X)","(X)","1,333,084","(X)","(X)","652,907","(X)","(X)","33,698","(X)","(X)","731,292","(X)","(X)","294,780","(X)","(X)","256,612","(X)","(X)","745,637","(X)","(X)","55,739","(X)","(X)","356,405","(X)","(X)","45,045","(X)","(X)","458,833","(X)","(X)","1,928,583","(X)","(X)","148,081","(X)","(X)","31,213","(X)","(X)","450,096","(X)","(X)","406,576","(X)","(X)","126,183","(X)","(X)","296,531","(X)","(X)","30,252","(X)","(X)","621,687","(X)","(X)"
"        125 percent of poverty level","999,159","(X)","(X)","98,225","(X)","(X)","1,176,921","(X)","(X)","622,679","(X)","(X)","5,910,134","(X)","(X)","681,478","(X)","(X)","459,880","(X)","(X)","128,127","(X)","(X)","104,767","(X)","(X)","3,551,750","(X)","(X)","1,878,125","(X)","(X)","181,863","(X)","(X)","259,990","(X)","(X)","1,790,917","(X)","(X)","1,067,805","(X)","(X)","455,349","(X)","(X)","422,371","(X)","(X)","929,306","(X)","(X)","1,044,312","(X)","(X)","188,072","(X)","(X)","725,675","(X)","(X)","885,575","(X)","(X)","1,660,828","(X)","(X)","683,748","(X)","(X)","676,021","(X)","(X)","962,741","(X)","(X)","170,852","(X)","(X)","266,270","(X)","(X)","502,742","(X)","(X)","127,172","(X)","(X)","1,136,700","(X)","(X)","472,338","(X)","(X)","3,383,284","(X)","(X)","1,768,454","(X)","(X)","93,635","(X)","(X)","1,932,982","(X)","(X)","806,068","(X)","(X)","654,101","(X)","(X)","1,940,261","(X)","(X)","143,216","(X)","(X)","936,304","(X)","(X)","138,610","(X)","(X)","1,230,371","(X)","(X)","5,312,979","(X)","(X)","392,780","(X)","(X)","78,111","(X)","(X)","1,108,489","(X)","(X)","989,625","(X)","(X)","361,469","(X)","(X)","798,380","(X)","(X)","83,301","(X)","(X)","1,542,270","(X)","(X)"
"        150 percent of poverty level","1,216,641","(X)","(X)","125,519","(X)","(X)","1,469,793","(X)","(X)","778,258","(X)","(X)","7,382,703","(X)","(X)","860,743","(X)","(X)","571,312","(X)","(X)","163,501","(X)","(X)","120,366","(X)","(X)","4,513,307","(X)","(X)","2,333,354","(X)","(X)","222,340","(X)","(X)","347,349","(X)","(X)","2,210,004","(X)","(X)","1,350,505","(X)","(X)","571,211","(X)","(X)","543,790","(X)","(X)","1,137,633","(X)","(X)","1,252,523","(X)","(X)","241,257","(X)","(X)","912,792","(X)","(X)","1,081,001","(X)","(X)","2,058,324","(X)","(X)","856,473","(X)","(X)","830,637","(X)","(X)","1,219,789","(X)","(X)","217,383","(X)","(X)","341,136","(X)","(X)","639,731","(X)","(X)","163,494","(X)","(X)","1,406,176","(X)","(X)","580,226","(X)","(X)","4,087,913","(X)","(X)","2,198,196","(X)","(X)","115,230","(X)","(X)","2,403,611","(X)","(X)","1,009,066","(X)","(X)","809,066","(X)","(X)","2,409,712","(X)","(X)","186,073","(X)","(X)","1,170,996","(X)","(X)","175,903","(X)","(X)","1,532,048","(X)","(X)","6,628,917","(X)","(X)","501,455","(X)","(X)","97,858","(X)","(X)","1,392,153","(X)","(X)","1,236,940","(X)","(X)","438,006","(X)","(X)","1,019,105","(X)","(X)","106,912","(X)","(X)","1,785,214","(X)","(X)"
"        185 percent of poverty level","1,547,974","(X)","(X)","161,036","(X)","(X)","1,899,634","(X)","(X)","1,003,200","(X)","(X)","9,458,127","(X)","(X)","1,106,164","(X)","(X)","732,062","(X)","(X)","222,546","(X)","(X)","136,171","(X)","(X)","5,885,369","(X)","(X)","2,982,924","(X)","(X)","280,968","(X)","(X)","478,428","(X)","(X)","2,856,805","(X)","(X)","1,786,324","(X)","(X)","750,036","(X)","(X)","718,002","(X)","(X)","1,431,683","(X)","(X)","1,552,313","(X)","(X)","318,125","(X)","(X)","1,152,467","(X)","(X)","1,341,245","(X)","(X)","2,612,207","(X)","(X)","1,121,734","(X)","(X)","1,032,315","(X)","(X)","1,587,442","(X)","(X)","282,332","(X)","(X)","452,170","(X)","(X)","838,843","(X)","(X)","213,328","(X)","(X)","1,787,655","(X)","(X)","726,936","(X)","(X)","5,057,015","(X)","(X)","2,880,308","(X)","(X)","153,223","(X)","(X)","3,073,817","(X)","(X)","1,276,394","(X)","(X)","1,025,438","(X)","(X)","3,091,409","(X)","(X)","240,558","(X)","(X)","1,498,687","(X)","(X)","233,479","(X)","(X)","1,967,121","(X)","(X)","8,483,090","(X)","(X)","671,430","(X)","(X)","126,285","(X)","(X)","1,820,699","(X)","(X)","1,584,512","(X)","(X)","566,038","(X)","(X)","1,311,393","(X)","(X)","138,003","(X)","(X)","2,064,707","(X)","(X)"
"        200 percent of poverty level","1,699,766","(X)","(X)","179,365","(X)","(X)","2,091,356","(X)","(X)","1,100,723","(X)","(X)","10,424,510","(X)","(X)","1,233,914","(X)","(X)","800,906","(X)","(X)","242,854","(X)","(X)","141,609","(X)","(X)","6,546,438","(X)","(X)","3,273,239","(X)","(X)","313,312","(X)","(X)","549,432","(X)","(X)","3,169,521","(X)","(X)","2,002,058","(X)","(X)","846,327","(X)","(X)","798,686","(X)","(X)","1,567,991","(X)","(X)","1,692,775","(X)","(X)","358,219","(X)","(X)","1,278,292","(X)","(X)","1,451,949","(X)","(X)","2,888,325","(X)","(X)","1,237,674","(X)","(X)","1,134,739","(X)","(X)","1,766,563","(X)","(X)","312,302","(X)","(X)","510,518","(X)","(X)","935,440","(X)","(X)","239,485","(X)","(X)","1,982,257","(X)","(X)","792,562","(X)","(X)","5,495,093","(X)","(X)","3,168,130","(X)","(X)","172,098","(X)","(X)","3,393,364","(X)","(X)","1,393,531","(X)","(X)","1,127,145","(X)","(X)","3,413,255","(X)","(X)","264,782","(X)","(X)","1,662,580","(X)","(X)","259,580","(X)","(X)","2,178,015","(X)","(X)","9,344,734","(X)","(X)","768,924","(X)","(X)","140,187","(X)","(X)","2,022,440","(X)","(X)","1,757,287","(X)","(X)","618,521","(X)","(X)","1,451,321","(X)","(X)","158,664","(X)","(X)","2,169,402","(X)","(X)"
"        300 percent of poverty level","2,591,744","(X)","(X)","287,042","(X)","(X)","3,321,164","(X)","(X)","1,654,913","(X)","(X)","16,139,400","(X)","(X)","2,037,451","(X)","(X)","1,266,981","(X)","(X)","406,137","(X)","(X)","207,049","(X)","(X)","10,401,088","(X)","(X)","5,091,219","(X)","(X)","508,192","(X)","(X)","896,667","(X)","(X)","5,046,333","(X)","(X)","3,205,593","(X)","(X)","1,407,592","(X)","(X)","1,323,420","(X)","(X)","2,326,183","(X)","(X)","2,452,191","(X)","(X)","590,189","(X)","(X)","2,065,102","(X)","(X)","2,242,056","(X)","(X)","4,565,220","(X)","(X)","2,089,687","(X)","(X)","1,641,134","(X)","(X)","2,840,770","(X)","(X)","518,615","(X)","(X)","864,605","(X)","(X)","1,493,204","(X)","(X)","422,650","(X)","(X)","3,174,614","(X)","(X)","1,138,684","(X)","(X)","8,037,072","(X)","(X)","4,971,149","(X)","(X)","302,278","(X)","(X)","5,340,089","(X)","(X)","2,127,265","(X)","(X)","1,786,327","(X)","(X)","5,412,982","(X)","(X)","399,265","(X)","(X)","2,602,529","(X)","(X)","411,416","(X)","(X)","3,429,320","(X)","(X)","14,352,023","(X)","(X)","1,372,488","(X)","(X)","234,379","(X)","(X)","3,189,058","(X)","(X)","2,823,146","(X)","(X)","941,077","(X)","(X)","2,400,991","(X)","(X)","256,515","(X)","(X)","2,646,565","(X)","(X)"
"        400 percent of poverty level","3,295,620","(X)","(X)","377,650","(X)","(X)","4,375,544","(X)","(X)","2,082,894","(X)","(X)","20,956,661","(X)","(X)","2,837,487","(X)","(X)","1,668,492","(X)","(X)","549,008","(X)","(X)","255,928","(X)","(X)","13,643,016","(X)","(X)","6,557,419","(X)","(X)","729,958","(X)","(X)","1,213,980","(X)","(X)","6,787,171","(X)","(X)","4,236,232","(X)","(X)","1,893,648","(X)","(X)","1,766,420","(X)","(X)","2,967,886","(X)","(X)","3,040,100","(X)","(X)","797,593","(X)","(X)","2,822,484","(X)","(X)","3,027,114","(X)","(X)","6,021,908","(X)","(X)","2,909,930","(X)","(X)","2,042,883","(X)","(X)","3,772,219","(X)","(X)","688,415","(X)","(X)","1,161,462","(X)","(X)","1,959,645","(X)","(X)","622,284","(X)","(X)","4,198,637","(X)","(X)","1,424,219","(X)","(X)","10,383,892","(X)","(X)","6,497,744","(X)","(X)","409,656","(X)","(X)","7,061,558","(X)","(X)","2,693,983","(X)","(X)","2,361,234","(X)","(X)","7,226,555","(X)","(X)","546,941","(X)","(X)","3,335,341","(X)","(X)","557,617","(X)","(X)","4,437,706","(X)","(X)","18,542,176","(X)","(X)","1,957,517","(X)","(X)","325,417","(X)","(X)","4,289,785","(X)","(X)","3,857,455","(X)","(X)","1,197,173","(X)","(X)","3,331,331","(X)","(X)","354,980","(X)","(X)","2,873,804","(X)","(X)"
"        500 percent of poverty level","3,809,584","(X)","(X)","467,156","(X)","(X)","5,208,379","(X)","(X)","2,383,878","(X)","(X)","24,771,178","(X)","(X)","3,514,230","(X)","(X)","2,053,360","(X)","(X)","665,019","(X)","(X)","306,183","(X)","(X)","16,018,120","(X)","(X)","7,701,149","(X)","(X)","899,248","(X)","(X)","1,447,737","(X)","(X)","8,187,962","(X)","(X)","5,007,062","(X)","(X)","2,272,804","(X)","(X)","2,103,420","(X)","(X)","3,430,107","(X)","(X)","3,480,782","(X)","(X)","961,929","(X)","(X)","3,494,250","(X)","(X)","3,719,385","(X)","(X)","7,143,934","(X)","(X)","3,635,357","(X)","(X)","2,318,812","(X)","(X)","4,439,544","(X)","(X)","816,862","(X)","(X)","1,386,071","(X)","(X)","2,319,035","(X)","(X)","798,119","(X)","(X)","5,172,120","(X)","(X)","1,617,763","(X)","(X)","12,351,590","(X)","(X)","7,603,219","(X)","(X)","514,190","(X)","(X)","8,365,955","(X)","(X)","3,095,650","(X)","(X)","2,822,296","(X)","(X)","8,653,084","(X)","(X)","674,187","(X)","(X)","3,910,308","(X)","(X)","655,647","(X)","(X)","5,187,822","(X)","(X)","21,568,045","(X)","(X)","2,364,712","(X)","(X)","406,085","(X)","(X)","5,219,425","(X)","(X)","4,710,290","(X)","(X)","1,363,479","(X)","(X)","4,064,859","(X)","(X)","421,807","(X)","(X)","3,000,977","(X)","(X)"
"UNRELATED INDIVIDUALS FOR WHOM POVERTY STATUS IS DETERMINED","946,331","278,353","29.4%","166,937","32,355","19.4%","1,539,610","363,265","23.6%","581,133","171,349","29.5%","7,245,489","1,805,632","24.9%","1,362,163","258,827","19.0%","727,960","150,736","20.7%","198,501","40,697","20.5%","253,263","42,671","16.8%","4,563,933","1,099,072","24.1%","1,992,709","510,203","25.6%","261,464","63,733","24.4%","325,564","79,476","24.4%","2,588,926","587,577","22.7%","1,395,332","342,928","24.6%","704,281","167,218","23.7%","595,449","139,348","23.4%","902,498","260,272","28.8%","906,847","301,006","33.2%","336,993","69,962","20.8%","1,197,849","254,719","21.3%","1,556,168","335,140","21.5%","2,097,750","543,614","25.9%","1,264,666","264,118","20.9%","530,771","177,018","33.4%","1,313,213","317,101","24.1%","262,961","66,101","25.1%","416,891","96,165","23.1%","685,887","148,166","21.6%","291,980","50,218","17.2%","1,622,799","333,894","20.6%","463,940","119,706","25.8%","4,391,751","1,097,814","25.0%","2,129,002","496,909","23.3%","194,680","43,293","22.2%","2,582,769","637,799","24.7%","782,898","222,842","28.5%","1,021,388","252,886","24.8%","2,719,468","634,336","23.3%","251,792","58,318","23.2%","1,020,652","267,335","26.2%","197,562","42,808","21.7%","1,404,649","350,464","25.0%","5,139,390","1,244,092","24.2%","529,292","124,805","23.6%","160,440","38,609","24.1%","1,655,320","356,910","21.6%","1,745,405","377,188","21.6%","384,789","122,262","31.8%","1,365,786","299,691","21.9%","125,135","28,518","22.8%","654,316","347,360","53.1%"
"    Male","448,624","118,901","26.5%","91,693","17,912","19.5%","775,839","167,205","21.6%","291,474","75,426","25.9%","3,635,862","809,584","22.3%","693,158","122,585","17.7%","353,155","68,463","19.4%","92,093","18,349","19.9%","119,783","20,873","17.4%","2,207,610","472,360","21.4%","960,907","217,992","22.7%","130,062","30,554","23.5%","161,665","33,884","21.0%","1,245,576","264,880","21.3%","686,858","148,033","21.6%","352,263","75,063","21.3%","299,508","64,386","21.5%","438,982","109,330","24.9%","429,783","122,873","28.6%","159,364","28,946","18.2%","549,823","105,967","19.3%","736,315","143,674","19.5%","1,028,314","247,070","24.0%","634,154","120,329","19.0%","247,666","76,520","30.9%","636,315","137,338","21.6%","131,489","29,026","22.1%","214,137","44,883","21.0%","365,644","69,433","19.0%","144,387","21,855","15.1%","765,015","135,224","17.7%","232,890","53,174","22.8%","2,108,475","480,245","22.8%","997,318","209,187","21.0%","103,203","17,726","17.2%","1,262,003","279,494","22.1%","386,155","98,826","25.6%","507,397","120,032","23.7%","1,307,022","274,584","21.0%","121,066","24,370","20.1%","487,616","114,524","23.5%","98,089","19,385","19.8%","673,119","148,404","22.0%","2,600,425","539,610","20.8%","277,422","62,395","22.5%","77,249","18,424","23.9%","791,686","152,468","19.3%","889,430","165,224","18.6%","187,467","52,841","28.2%","683,917","136,142","19.9%","65,608","12,115","18.5%","300,514","147,307","49.0%"
"    Female","497,707","159,452","32.0%","75,244","14,443","19.2%","763,771","196,060","25.7%","289,659","95,923","33.1%","3,609,627","996,048","27.6%","669,005","136,242","20.4%","374,805","82,273","22.0%","106,408","22,348","21.0%","133,480","21,798","16.3%","2,356,323","626,712","26.6%","1,031,802","292,211","28.3%","131,402","33,179","25.2%","163,899","45,592","27.8%","1,343,350","322,697","24.0%","708,474","194,895","27.5%","352,018","92,155","26.2%","295,941","74,962","25.3%","463,516","150,942","32.6%","477,064","178,133","37.3%","177,629","41,016","23.1%","648,026","148,752","23.0%","819,853","191,466","23.4%","1,069,436","296,544","27.7%","630,512","143,789","22.8%","283,105","100,498","35.5%","676,898","179,763","26.6%","131,472","37,075","28.2%","202,754","51,282","25.3%","320,243","78,733","24.6%","147,593","28,363","19.2%","857,784","198,670","23.2%","231,050","66,532","28.8%","2,283,276","617,569","27.0%","1,131,684","287,722","25.4%","91,477","25,567","27.9%","1,320,766","358,305","27.1%","396,743","124,016","31.3%","513,991","132,854","25.8%","1,412,446","359,752","25.5%","130,726","33,948","26.0%","533,036","152,811","28.7%","99,473","23,423","23.5%","731,530","202,060","27.6%","2,538,965","704,482","27.7%","251,870","62,410","24.8%","83,191","20,185","24.3%","863,634","204,442","23.7%","855,975","211,964","24.8%","197,322","69,421","35.2%","681,869","163,549","24.0%","59,527","16,403","27.6%","353,802","200,053","56.5%"
"    15 years","617","565","91.6%","233","233","100.0%","1,333","1,333","100.0%","817","817","100.0%","9,206","9,010","97.9%","1,449","1,449","100.0%","878","878","100.0%","271","271","100.0%","0","0","-","3,911","3,859","98.7%","2,349","2,349","100.0%","295","270","91.5%","396","396","100.0%","3,259","3,259","100.0%","2,454","2,454","100.0%","907","907","100.0%","2,256","2,256","100.0%","1,418","1,418","100.0%","1,122","1,063","94.7%","215","215","100.0%","1,018","1,018","100.0%","930","930","100.0%","3,135","3,097","98.8%","779","774","99.4%","689","689","100.0%","2,441","2,188","89.6%","753","753","100.0%","834","834","100.0%","830","830","100.0%","180","180","100.0%","2,167","2,167","100.0%","498","498","100.0%","5,913","5,777","97.7%","1,597","1,516","94.9%","309","309","100.0%","3,368","3,368","100.0%","969","969","100.0%","1,315","1,185","90.1%","3,755","3,467","92.3%","0","0","-","2,028","2,028","100.0%","432","432","100.0%","791","791","100.0%","7,603","7,603","100.0%","801","801","100.0%","165","165","100.0%","2,428","2,345","96.6%","2,260","2,260","100.0%","265","265","100.0%","1,146","1,146","100.0%","243","111","45.7%","548","548","100.0%"
"    16 to 17 years","3,131","2,983","95.3%","708","674","95.2%","5,055","4,953","98.0%","2,145","2,145","100.0%","21,342","20,735","97.2%","3,523","2,899","82.3%","1,913","1,721","90.0%","579","579","100.0%","130","43","33.1%","10,145","9,778","96.4%","6,701","6,319","94.3%","515","468","90.9%","1,219","1,175","96.4%","6,574","6,418","97.6%","6,248","6,040","96.7%","3,093","2,961","95.7%","1,831","1,709","93.3%","3,596","3,265","90.8%","1,704","1,704","100.0%","869","869","100.0%","3,886","3,886","100.0%","3,363","3,211","95.5%","6,631","6,537","98.6%","3,086","2,852","92.4%","2,506","2,346","93.6%","6,696","6,107","91.2%","836","836","100.0%","1,526","1,510","99.0%","1,548","1,327","85.7%","650","650","100.0%","5,368","5,368","100.0%","1,117","1,117","100.0%","11,393","10,966","96.3%","4,691","4,649","99.1%","621","598","96.3%","9,474","9,283","98.0%","2,523","2,249","89.1%","2,968","2,775","93.5%","6,049","5,214","86.2%","1,008","1,008","100.0%","3,187","2,980","93.5%","533","328","61.5%","4,532","4,025","88.8%","14,766","14,497","98.2%","2,076","1,959","94.4%","680","680","100.0%","3,463","3,101","89.5%","5,865","5,633","96.0%","793","741","93.4%","3,381","3,253","96.2%","207","187","90.3%","1,435","1,435","100.0%"
"    18 to 24 years","123,813","58,606","47.3%","17,804","3,729","20.9%","184,352","72,385","39.3%","77,679","32,371","41.7%","662,383","315,354","47.6%","185,740","70,899","38.2%","55,694","22,002","39.5%","20,124","10,295","51.2%","25,590","9,460","37.0%","385,637","157,813","40.9%","221,113","98,929","44.7%","16,179","7,721","47.7%","48,923","20,607","42.1%","261,569","112,178","42.9%","194,335","83,853","43.1%","126,080","52,409","41.6%","103,244","40,328","39.1%","114,313","53,173","46.5%","101,520","57,977","57.1%","33,396","9,774","29.3%","101,403","42,063","41.5%","149,899","57,798","38.6%","242,612","106,293","43.8%","171,618","67,174","39.1%","53,786","25,424","47.3%","177,353","70,521","39.8%","41,269","17,902","43.4%","76,902","28,759","37.4%","55,215","18,924","34.3%","23,765","7,728","32.5%","96,601","39,229","40.6%","44,862","20,096","44.8%","343,811","145,856","42.4%","242,032","100,598","41.6%","39,610","14,535","36.7%","289,144","126,104","43.6%","116,072","51,576","44.4%","120,871","49,088","40.6%","256,097","113,778","44.4%","21,134","8,151","38.6%","110,406","50,232","45.5%","29,710","9,790","33.0%","170,371","65,957","38.7%","665,900","276,746","41.6%","114,383","47,503","41.5%","17,997","7,703","42.8%","184,820","75,477","40.8%","202,379","70,300","34.7%","41,450","22,362","53.9%","198,958","78,799","39.6%","17,944","7,777","43.3%","21,614","15,289","70.7%"
"    25 to 34 years","164,023","36,574","22.3%","37,606","6,845","18.2%","334,757","54,655","16.3%","103,992","19,967","19.2%","1,773,709","292,076","16.5%","392,162","40,481","10.3%","159,489","21,656","13.6%","35,230","4,456","12.6%","90,939","6,228","6.8%","850,935","147,658","17.4%","433,705","80,912","18.7%","51,487","9,802","19.0%","65,716","12,324","18.8%","582,106","86,837","14.9%","268,016","48,389","18.1%","133,072","20,286","15.2%","114,552","18,756","16.4%","159,462","31,231","19.6%","152,781","38,573","25.2%","65,941","9,860","15.0%","249,311","37,247","14.9%","381,436","50,487","13.2%","422,131","74,567","17.7%","280,965","34,844","12.4%","79,292","18,118","22.8%","255,165","42,443","16.6%","50,228","9,022","18.0%","83,409","11,984","14.4%","148,827","23,442","15.8%","60,607","7,786","12.8%","346,119","49,843","14.4%","85,463","16,642","19.5%","1,029,979","172,038","16.7%","452,887","72,302","16.0%","44,128","6,403","14.5%","514,384","86,651","16.8%","141,792","29,679","20.9%","232,786","46,259","19.9%","556,385","88,223","15.9%","56,032","8,064","14.4%","191,325","34,238","17.9%","37,812","6,159","16.3%","280,280","42,675","15.2%","1,241,752","202,317","16.3%","133,990","20,399","15.2%","32,888","5,569","16.9%","366,261","53,867","14.7%","440,482","64,826","14.7%","57,522","17,020","29.6%","273,075","37,159","13.6%","25,152","4,066","16.2%","82,675","33,606","40.6%"
"    35 to 44 years","106,946","25,909","24.2%","25,952","4,650","17.9%","186,773","35,379","18.9%","68,262","18,737","27.4%","1,105,897","215,486","19.5%","183,484","23,647","12.9%","87,782","14,603","16.6%","24,676","3,724","15.1%","40,419","2,215","5.5%","552,297","111,691","20.2%","266,465","50,495","18.9%","40,839","8,506","20.8%","35,574","7,576","21.3%","346,361","62,852","18.1%","161,735","36,206","22.4%","76,088","14,953","19.7%","68,297","13,541","19.8%","98,216","22,794","23.2%","124,986","33,222","26.6%","38,633","6,493","16.8%","178,924","28,760","16.1%","185,058","31,143","16.8%","231,799","55,632","24.0%","154,339","26,185","17.0%","62,016","18,861","30.4%","152,321","27,184","17.8%","33,343","8,697","26.1%","49,589","9,351","18.9%","112,651","20,755","18.4%","34,259","4,130","12.1%","208,821","34,696","16.6%","57,723","11,854","20.5%","598,508","123,453","20.6%","254,421","46,815","18.4%","19,691","2,439","12.4%","297,526","67,845","22.8%","95,678","24,671","25.8%","141,287","27,098","19.2%","328,046","62,967","19.2%","30,498","6,554","21.5%","122,955","25,189","20.5%","25,729","4,992","19.4%","171,929","34,380","20.0%","753,861","135,373","18.0%","67,039","11,534","17.2%","19,176","3,743","19.5%","223,220","36,943","16.6%","249,755","48,234","19.3%","41,701","14,579","35.0%","159,038","28,283","17.8%","16,118","2,728","16.9%","78,965","30,114","38.1%"
"    45 to 54 years","117,199","34,454","29.4%","22,347","5,265","23.6%","171,908","37,608","21.9%","69,765","19,975","28.6%","854,725","208,778","24.4%","135,507","25,277","18.7%","77,327","14,992","19.4%","20,685","2,767","13.4%","23,055","3,861","16.7%","525,720","117,215","22.3%","254,816","58,883","23.1%","30,919","7,727","25.0%","35,725","8,151","22.8%","289,790","68,229","23.5%","159,479","36,028","22.6%","74,271","15,253","20.5%","55,839","11,307","20.2%","109,660","34,277","31.3%","113,511","39,487","34.8%","36,272","8,865","24.4%","143,879","27,424","19.1%","168,601","36,325","21.5%","226,509","63,438","28.0%","134,373","25,102","18.7%","66,307","22,513","34.0%","142,554","30,297","21.3%","26,697","5,550","20.8%","39,982","9,421","23.6%","90,523","19,390","21.4%","31,318","5,425","17.3%","190,744","34,077","17.9%","53,530","12,118","22.6%","512,501","113,354","22.1%","260,159","53,473","20.6%","18,761","3,151","16.8%","297,139","71,560","24.1%","87,557","26,327","30.1%","114,364","25,221","22.1%","298,967","66,638","22.3%","26,493","7,012","26.5%","123,945","30,469","24.6%","21,425","4,714","22.0%","167,145","43,470","26.0%","608,995","133,744","22.0%","50,127","8,700","17.4%","18,067","4,468","24.7%","187,059","35,047","18.7%","190,090","37,158","19.5%","50,073","13,596","27.2%","153,317","26,339","17.2%","10,559","1,832","17.4%","84,603","40,590","48.0%"
"    55 to 64 years","151,137","50,729","33.6%","27,581","6,221","22.6%","217,378","61,750","28.4%","92,273","34,621","37.5%","1,007,260","280,282","27.8%","165,888","36,892","22.2%","126,143","30,858","24.5%","34,906","7,126","20.4%","30,087","10,276","34.2%","751,634","192,987","25.7%","307,706","84,490","27.5%","39,035","8,644","22.1%","46,648","11,842","25.4%","387,976","103,281","26.6%","223,012","59,061","26.5%","100,243","22,605","22.6%","84,953","21,145","24.9%","159,824","50,987","31.9%","150,267","54,239","36.1%","58,366","13,608","23.3%","195,604","47,414","24.2%","239,862","59,069","24.6%","347,082","104,594","30.1%","183,333","40,175","21.9%","95,769","35,390","37.0%","208,031","59,074","28.4%","38,266","8,789","23.0%","56,900","11,400","20.0%","103,999","28,309","27.2%","54,029","10,194","18.9%","270,049","63,992","23.7%","76,775","24,161","31.5%","669,770","196,897","29.4%","322,899","84,538","26.2%","26,574","5,738","21.6%","421,728","114,280","27.1%","125,116","40,190","32.1%","136,336","38,526","28.3%","440,864","119,165","27.0%","44,009","10,373","23.6%","166,655","48,512","29.1%","27,751","6,229","22.4%","224,133","63,974","28.5%","708,626","188,269","26.6%","56,767","12,523","22.1%","24,897","6,084","24.4%","247,812","61,321","24.7%","236,463","62,134","26.3%","65,521","25,025","38.2%","205,696","49,175","23.9%","19,782","5,809","29.4%","125,021","71,020","56.8%"
"    65 to 74 years","150,961","40,187","26.6%","21,514","2,620","12.2%","222,961","48,931","21.9%","89,846","23,698","26.4%","948,247","240,887","25.4%","163,450","32,772","20.1%","113,128","22,486","19.9%","32,663","5,512","16.9%","26,695","7,664","28.7%","739,668","179,428","24.3%","273,367","72,690","26.6%","42,379","9,725","22.9%","50,005","8,971","17.9%","372,558","78,874","21.2%","202,438","39,130","19.3%","96,173","20,521","21.3%","86,343","16,845","19.5%","139,010","34,559","24.9%","147,247","42,353","28.8%","54,206","10,164","18.8%","171,702","31,095","18.1%","224,966","51,827","23.0%","332,926","73,428","22.1%","179,546","34,440","19.2%","95,594","29,696","31.1%","197,015","43,863","22.3%","39,442","8,839","22.4%","54,976","11,425","20.8%","96,352","20,695","21.5%","49,215","7,865","16.0%","251,490","50,367","20.0%","80,768","18,145","22.5%","630,887","169,732","26.9%","321,066","74,003","23.0%","23,093","4,988","21.6%","409,098","90,790","22.2%","115,057","24,874","21.6%","147,831","35,271","23.9%","432,183","91,755","21.2%","39,001","9,170","23.5%","163,471","42,461","26.0%","30,505","5,460","17.9%","213,517","53,978","25.3%","621,780","154,981","24.9%","54,088","12,266","22.7%","25,652","6,198","24.2%","235,787","48,423","20.5%","230,467","47,866","20.8%","68,744","17,287","25.1%","199,195","40,585","20.4%","19,723","3,612","18.3%","126,289","74,080","58.7%"
"    75 years and over","128,504","28,346","22.1%","13,192","2,118","16.1%","215,093","46,271","21.5%","76,354","19,018","24.9%","862,720","223,024","25.9%","130,960","24,511","18.7%","105,606","21,540","20.4%","29,367","5,967","20.3%","16,348","2,924","17.9%","743,986","178,643","24.0%","226,487","55,136","24.3%","39,816","10,870","27.3%","41,358","8,434","20.4%","338,733","65,649","19.4%","177,615","31,767","17.9%","94,354","17,323","18.4%","78,134","13,461","17.2%","116,999","28,568","24.4%","113,709","32,388","28.5%","49,095","10,114","20.6%","152,122","35,812","23.5%","202,053","44,350","21.9%","284,925","56,028","19.7%","156,627","32,572","20.8%","74,812","23,981","32.1%","171,637","35,424","20.6%","32,127","5,713","17.8%","52,773","11,481","21.8%","75,942","14,494","19.1%","37,957","6,260","16.5%","251,440","54,155","21.5%","63,204","15,075","23.9%","588,989","159,741","27.1%","269,250","59,015","21.9%","21,893","5,132","23.4%","340,908","67,918","19.9%","98,134","22,307","22.7%","123,630","27,463","22.2%","397,122","83,129","20.9%","33,617","7,986","23.8%","136,680","31,226","22.8%","23,665","4,704","19.9%","171,951","41,214","24.0%","516,107","130,562","25.3%","50,021","9,120","18.2%","20,918","3,999","19.1%","204,470","40,386","19.8%","187,644","38,777","20.7%","58,720","11,387","19.4%","171,980","34,952","20.3%","15,407","2,396","15.6%","133,166","80,678","60.6%"
"    Mean income deficit for unrelated individuals (dollars)","8,844","(X)","(X)","8,485","(X)","(X)","9,671","(X)","(X)","8,783","(X)","(X)","9,719","(X)","(X)","9,310","(X)","(X)","9,044","(X)","(X)","9,172","(X)","(X)","9,361","(X)","(X)","9,206","(X)","(X)","9,205","(X)","(X)","9,816","(X)","(X)","8,841","(X)","(X)","9,500","(X)","(X)","9,121","(X)","(X)","8,445","(X)","(X)","9,067","(X)","(X)","8,629","(X)","(X)","8,619","(X)","(X)","8,093","(X)","(X)","9,929","(X)","(X)","8,690","(X)","(X)","8,912","(X)","(X)","8,510","(X)","(X)","8,382","(X)","(X)","8,717","(X)","(X)","8,323","(X)","(X)","8,542","(X)","(X)","10,089","(X)","(X)","8,764","(X)","(X)","9,224","(X)","(X)","9,024","(X)","(X)","9,363","(X)","(X)","8,956","(X)","(X)","7,945","(X)","(X)","8,780","(X)","(X)","9,205","(X)","(X)","9,145","(X)","(X)","8,802","(X)","(X)","8,305","(X)","(X)","8,953","(X)","(X)","7,991","(X)","(X)","8,724","(X)","(X)","9,429","(X)","(X)","9,160","(X)","(X)","9,133","(X)","(X)","9,197","(X)","(X)","9,486","(X)","(X)","8,577","(X)","(X)","8,785","(X)","(X)","8,247","(X)","(X)","8,891","(X)","(X)"
"    Worked full-time, year-round in the past 12 months","381,408","15,861","4.2%","74,842","2,842","3.8%","693,459","24,768","3.6%","237,780","10,345","4.4%","3,244,141","97,088","3.0%","692,643","23,023","3.3%","330,663","8,114","2.5%","91,671","3,042","3.3%","154,395","1,213","0.8%","1,981,834","73,876","3.7%","958,080","42,192","4.4%","110,928","2,666","2.4%","137,148","7,429","5.4%","1,195,278","36,607","3.1%","626,813","25,289","4.0%","318,459","11,424","3.6%","269,269","10,962","4.1%","371,693","17,258","4.6%","368,017","25,222","6.9%","140,794","3,212","2.3%","610,815","17,291","2.8%","724,338","15,374","2.1%","859,776","32,123","3.7%","575,538","16,264","2.8%","200,631","12,941","6.5%","577,164","17,548","3.0%","112,161","7,783","6.9%","204,754","11,891","5.8%","327,063","12,124","3.7%","143,602","3,350","2.3%","760,975","21,339","2.8%","191,448","5,647","2.9%","1,936,077","48,729","2.5%","975,901","31,053","3.2%","95,171","2,633","2.8%","1,126,998","38,794","3.4%","335,479","15,519","4.6%","432,264","14,516","3.4%","1,202,422","37,507","3.1%","110,011","3,161","2.9%","458,204","21,163","4.6%","94,294","5,019","5.3%","640,952","24,156","3.8%","2,646,119","110,674","4.2%","258,014","8,100","3.1%","68,358","2,070","3.0%","822,169","28,748","3.5%","810,272","19,666","2.4%","132,457","5,573","4.2%","632,910","18,845","3.0%","54,986","2,578","4.7%","188,712","21,036","11.1%"
"    Worked less than full-time, year-round in the past 12 months","181,093","82,908","45.8%","46,250","11,272","24.4%","310,802","107,023","34.4%","109,036","45,635","41.9%","1,633,660","503,663","30.8%","329,776","96,018","29.1%","146,815","40,753","27.8%","36,999","12,697","34.3%","45,468","12,933","28.4%","852,421","286,464","33.6%","380,662","144,560","38.0%","53,356","16,812","31.5%","74,622","26,536","35.6%","530,748","175,540","33.1%","292,383","121,138","41.4%","163,806","69,401","42.4%","137,639","53,297","38.7%","174,202","72,432","41.6%","167,410","74,063","44.2%","77,491","19,064","24.6%","213,550","71,039","33.3%","334,687","96,082","28.7%","448,532","172,579","38.5%","310,678","99,009","31.9%","91,852","37,687","41.0%","281,365","104,910","37.3%","72,000","26,112","36.3%","92,481","34,463","37.3%","142,582","40,237","28.2%","56,233","14,926","26.5%","302,621","80,555","26.6%","98,008","38,267","39.0%","885,815","269,424","30.4%","435,184","150,677","34.6%","50,119","20,509","40.9%","526,578","201,661","38.3%","152,657","66,954","43.9%","251,888","86,591","34.4%","523,863","185,517","35.4%","51,056","13,445","26.3%","195,985","81,737","41.7%","44,169","14,411","32.6%","272,773","95,790","35.1%","1,032,201","403,543","39.1%","141,136","57,555","40.8%","38,698","13,712","35.4%","306,911","105,592","34.4%","398,714","121,405","30.4%","68,492","29,408","42.9%","290,551","107,062","36.8%","29,415","11,503","39.1%","93,288","58,620","62.8%"
"    Did not work","383,830","179,584","46.8%","45,845","18,241","39.8%","535,349","231,474","43.2%","234,317","115,369","49.2%","2,367,688","1,204,881","50.9%","339,744","139,786","41.1%","250,482","101,869","40.7%","69,831","24,958","35.7%","53,400","28,525","53.4%","1,729,678","738,732","42.7%","653,967","323,451","49.5%","97,180","44,255","45.5%","113,794","45,511","40.0%","862,900","375,430","43.5%","476,136","196,501","41.3%","222,016","86,393","38.9%","188,541","75,089","39.8%","356,603","170,582","47.8%","371,420","201,721","54.3%","118,708","47,686","40.2%","373,484","166,389","44.6%","497,143","223,684","45.0%","789,442","338,912","42.9%","378,450","148,845","39.3%","238,288","126,390","53.0%","454,684","194,643","42.8%","78,800","32,206","40.9%","119,656","49,811","41.6%","216,242","95,805","44.3%","92,145","31,942","34.7%","559,203","232,000","41.5%","174,484","75,792","43.4%","1,569,859","779,661","49.7%","717,917","315,179","43.9%","49,390","20,151","40.8%","929,193","397,344","42.8%","294,762","140,369","47.6%","337,236","151,779","45.0%","993,183","411,312","41.4%","90,725","41,712","46.0%","366,463","164,435","44.9%","59,099","23,378","39.6%","490,924","230,518","47.0%","1,461,070","729,875","50.0%","130,142","59,150","45.5%","53,384","22,827","42.8%","526,240","222,570","42.3%","536,419","236,117","44.0%","183,840","87,281","47.5%","442,325","173,784","39.3%","40,734","14,437","35.4%","372,316","267,704","71.9%"
"    Population in housing units for whom poverty status is determined","4,950,130","765,901","15.5%","701,799","71,451","10.2%","7,246,542","887,088","12.2%","2,973,521","461,846","15.5%","37,968,322","4,416,010","11.6%","5,737,942","526,370","9.2%","3,506,481","352,963","10.1%","1,005,253","104,768","10.4%","640,815","85,084","13.3%","22,070,807","2,682,261","12.2%","10,744,516","1,449,020","13.5%","1,388,158","133,737","9.6%","1,910,112","189,946","9.9%","12,234,541","1,401,223","11.5%","6,658,623","810,910","12.2%","3,099,717","344,325","11.1%","2,844,744","312,768","11.0%","4,389,391","712,453","16.2%","4,437,117","831,141","18.7%","1,350,476","136,858","10.1%","6,030,509","560,635","9.3%","6,746,007","683,486","10.1%","9,793,830","1,306,161","13.3%","5,583,307","497,229","8.9%","2,836,207","507,438","17.9%","6,008,374","708,083","11.8%","1,100,953","125,403","11.4%","1,925,546","198,115","10.3%","3,148,898","374,705","11.9%","1,357,420","95,521","7.0%","9,102,601","868,705","9.5%","2,066,574","363,471","17.6%","18,889,343","2,579,473","13.7%","10,523,757","1,332,679","12.7%","752,064","71,961","9.6%","11,447,965","1,506,244","13.2%","3,922,162","619,940","15.8%","4,125,683","482,440","11.7%","12,488,866","1,468,302","11.8%","1,049,492","109,797","10.5%","5,218,258","716,480","13.7%","884,262","101,472","11.5%","6,953,521","968,276","13.9%","29,830,896","4,048,422","13.6%","3,353,795","297,780","8.9%","620,713","57,948","9.3%","8,455,404","855,284","10.1%","7,633,193","769,476","10.1%","1,712,421","282,468","16.5%","5,756,652","601,400","10.4%","569,253","63,490","11.2%","3,164,739","1,247,098","39.4%"